VK,HT,FT,HT_normalized,FT_normalized
16,324,-1,0.4650145772594752,-1.0
71,123,165,0.17201166180758018,0.1123032904148784
85,91,251,0.12536443148688048,0.17381974248927037
78,93,225,0.1282798833819242,0.1552217453505007
32,94,198,0.12973760932944606,0.13590844062947066
67,80,350,0.10932944606413994,0.2446351931330472
79,86,43,0.11807580174927114,0.02503576537911302
78,81,163,0.11078717201166181,0.11087267525035766
84,73,116,0.09912536443148688,0.07725321888412018
82,87,395,0.119533527696793,0.27682403433476394
79,88,101,0.12099125364431487,0.06652360515021459
76,111,176,0.15451895043731778,0.12017167381974249
32,97,155,0.13411078717201166,0.10515021459227468
73,67,86,0.09037900874635568,0.055793991416309016
83,97,92,0.13411078717201166,0.060085836909871244
32,69,84,0.09329446064139942,0.05436337625178827
83,103,98,0.14285714285714285,0.06437768240343347
73,71,24,0.09620991253644315,0.011444921316165951
77,103,167,0.14285714285714285,0.11373390557939914
80,86,220,0.11807580174927114,0.15164520743919885
76,158,263,0.2230320699708455,0.18240343347639484
89,115,247,0.16034985422740525,0.1709585121602289
32,84,104,0.1151603498542274,0.06866952789699571
65,114,96,0.1588921282798834,0.06294706723891273
32,80,104,0.10932944606413994,0.06866952789699571
87,87,225,0.119533527696793,0.1552217453505007
65,115,186,0.16034985422740525,0.12732474964234622
89,76,71,0.10349854227405247,0.045064377682403435
32,86,120,0.11807580174927114,0.08011444921316166
70,93,106,0.1282798833819242,0.07010014306151645
79,98,80,0.13556851311953352,0.05150214592274678
82,82,131,0.11224489795918367,0.08798283261802575
32,78,95,0.10641399416909621,0.06223175965665236
84,85,235,0.11661807580174927,0.16237482117310442
72,79,50,0.10787172011661808,0.030042918454935622
69,79,96,0.10787172011661808,0.06294706723891273
32,87,56,0.119533527696793,0.034334763948497854
86,74,160,0.10058309037900874,0.10872675250357654
69,166,142,0.23469387755102042,0.09585121602288985
82,102,112,0.141399416909621,0.07439198855507868
89,79,43,0.10787172011661808,0.02503576537911302
32,80,130,0.10932944606413994,0.08726752503576538
69,136,175,0.19096209912536444,0.11945636623748211
86,84,466,0.1151603498542274,0.32761087267525035
73,67,61,0.09037900874635568,0.03791130185979971
76,93,172,0.1282798833819242,0.11731044349070101
32,98,258,0.13556851311953352,0.17882689556509299
16,128,162,0.1793002915451895,0.11015736766809728
65,110,58,0.15306122448979592,0.0357653791130186
77,108,135,0.15014577259475217,0.09084406294706723
69,128,170,0.1793002915451895,0.11587982832618025
82,116,84,0.1618075801749271,0.05436337625178827
73,72,165,0.09766763848396501,0.1123032904148784
67,85,201,0.11661807580174927,0.1380543633762518
65,107,174,0.14868804664723032,0.11874105865522175
78,75,46,0.10204081632653061,0.027181688125894134
32,80,130,0.10932944606413994,0.08726752503576538
71,83,141,0.11370262390670553,0.09513590844062947
79,66,73,0.08892128279883382,0.046494992846924176
86,75,133,0.10204081632653061,0.08941344778254649
69,155,150,0.21865889212827988,0.10157367668097282
82,112,108,0.15597667638483964,0.0715307582260372
78,78,140,0.10641399416909621,0.0944206008583691
77,87,249,0.119533527696793,0.17238912732474965
69,137,75,0.1924198250728863,0.04792560801144492
78,75,126,0.10204081632653061,0.0844062947067239
84,87,82,0.119533527696793,0.05293276108726753
32,97,123,0.13411078717201166,0.08226037195994278
84,88,104,0.12099125364431487,0.06866952789699571
79,111,43,0.15451895043731778,0.02503576537911302
32,90,95,0.1239067055393586,0.06223175965665236
68,114,172,0.1588921282798834,0.11731044349070101
73,69,61,0.09329446064139942,0.03791130185979971
83,100,116,0.13848396501457727,0.07725321888412018
65,122,264,0.17055393586005832,0.18311874105865522
82,119,57,0.1661807580174927,0.035050071530758224
77,88,661,0.12099125364431487,0.4670958512160229
32,57,252,0.07580174927113703,0.17453505007153075
85,93,74,0.1282798833819242,0.04721030042918455
83,106,119,0.14723032069970846,0.07939914163090128
186,78,420,0.10641399416909621,0.2947067238912732
32,80,330,0.10932944606413994,0.23032904148783978
84,94,137,0.12973760932944606,0.09227467811158799
72,69,51,0.09329446064139942,0.030758226037195996
69,114,180,0.1588921282798834,0.12303290414878398
89,93,81,0.1282798833819242,0.05221745350500715
32,70,162,0.09475218658892129,0.11015736766809728
68,112,130,0.15597667638483964,0.08726752503576538
79,79,142,0.10787172011661808,0.09585121602288985
78,123,121,0.17201166180758018,0.08082975679542204
222,112,113,0.15597667638483964,0.07510729613733906
84,68,71,0.09183673469387756,0.045064377682403435
32,107,112,0.14868804664723032,0.07439198855507868
87,92,96,0.12682215743440234,0.06294706723891273
65,130,155,0.18221574344023322,0.10515021459227468
78,85,78,0.11661807580174927,0.05007153075822604
84,85,104,0.11661807580174927,0.06866952789699571
32,92,93,0.12682215743440234,0.060801144492131615
84,109,123,0.15160349854227406,0.08226037195994278
72,86,73,0.11807580174927114,0.046494992846924176
69,95,120,0.13119533527696792,0.08011444921316166
32,84,82,0.1151603498542274,0.05293276108726753
16,118,131,0.16472303206997085,0.08798283261802575
65,64,73,0.08600583090379009,0.046494992846924176
77,94,143,0.12973760932944606,0.09656652360515021
69,120,201,0.16763848396501457,0.1380543633762518
82,109,70,0.15160349854227406,0.044349070100143065
73,81,153,0.11078717201166181,0.10371959942775394
67,87,158,0.119533527696793,0.1072961373390558
65,102,191,0.141399416909621,0.13090128755364808
78,88,45,0.12099125364431487,0.026466380543633764
32,67,142,0.09037900874635568,0.09585121602288985
80,128,289,0.1793002915451895,0.2010014306151645
69,86,220,0.11807580174927114,0.15164520743919885
79,110,44,0.15306122448979592,0.02575107296137339
80,89,159,0.12244897959183673,0.10801144492131616
76,129,191,0.18075801749271136,0.13090128755364808
69,96,136,0.1326530612244898,0.09155937052932761
32,117,80,0.16326530612244897,0.05150214592274678
84,80,102,0.10932944606413994,0.06723891273247497
79,105,36,0.1457725947521866,0.020028612303290415
32,77,79,0.10495626822157435,0.05078683834048641
72,67,134,0.09037900874635568,0.09012875536480687
65,81,136,0.11078717201166181,0.09155937052932761
86,72,198,0.09766763848396501,0.13590844062947066
69,68,182,0.09183673469387756,0.12446351931330472
32,67,120,0.09037900874635568,0.08011444921316166
65,85,85,0.11661807580174927,0.05507868383404864
78,78,40,0.10641399416909621,0.022889842632331903
89,90,174,0.1239067055393586,0.11874105865522175
32,111,97,0.15451895043731778,0.06366237482117311
68,70,239,0.09475218658892129,0.16523605150214593
69,93,166,0.1282798833819242,0.11301859799713877
70,91,179,0.12536443148688048,0.1223175965665236
69,103,139,0.14285714285714285,0.09370529327610873
78,81,87,0.11078717201166181,0.056509298998569386
83,84,172,0.1151603498542274,0.11731044349070101
69,81,190,0.11078717201166181,0.1301859799713877
32,112,224,0.15597667638483964,0.15450643776824036
73,76,244,0.10349854227405247,0.1688125894134478
70,83,154,0.11370262390670553,0.1044349070100143
32,81,117,0.11078717201166181,0.07796852646638054
67,84,288,0.1151603498542274,0.20028612303290416
73,58,96,0.07725947521865889,0.06294706723891273
8,48,397,0.06268221574344024,0.2782546494992847
73,74,424,0.10058309037900874,0.29756795422031473
86,83,375,0.11370262390670553,0.2625178826895565
73,71,90,0.09620991253644315,0.058655221745350504
76,122,153,0.17055393586005832,0.10371959942775394
32,98,157,0.13556851311953352,0.10658082975679542
87,91,144,0.12536443148688048,0.09728183118741059
65,142,180,0.19970845481049562,0.12303290414878398
82,126,97,0.17638483965014579,0.06366237482117311
32,101,862,0.13994169096209913,0.6108726752503576
87,80,166,0.10932944606413994,0.11301859799713877
65,98,238,0.13556851311953352,0.16452074391988555
83,98,227,0.13556851311953352,0.15665236051502146
32,98,141,0.13556851311953352,0.09513590844062947
84,88,72,0.12099125364431487,0.045779685264663805
79,110,97,0.15306122448979592,0.06366237482117311
32,84,100,0.1151603498542274,0.06580829756795423
69,93,180,0.1282798833819242,0.12303290414878398
86,85,216,0.11661807580174927,0.14878397711015737
69,128,184,0.1793002915451895,0.12589413447782546
82,105,72,0.1457725947521866,0.045779685264663805
32,103,114,0.14285714285714285,0.07582260371959942
66,100,148,0.13848396501457727,0.10014306151645208
69,94,160,0.12973760932944606,0.10872675250357654
67,86,217,0.11807580174927114,0.14949928469241774
79,77,52,0.10495626822157435,0.031473533619456366
77,119,155,0.1661807580174927,0.10515021459227468
69,84,102,0.1151603498542274,0.06723891273247497
32,75,159,0.10204081632653061,0.10801144492131616
65,115,112,0.16034985422740525,0.07439198855507868
32,48,105,0.06268221574344024,0.06938483547925609
82,145,359,0.20408163265306123,0.2510729613733906
69,136,100,0.19096209912536444,0.06580829756795423
65,128,96,0.1793002915451895,0.06294706723891273
76,123,106,0.17201166180758018,0.07010014306151645
73,90,208,0.1239067055393586,0.1430615164520744
84,73,117,0.09912536443148688,0.07796852646638054
89,64,118,0.08600583090379009,0.07868383404864092
190,96,233,0.1326530612244898,0.1609442060085837
32,87,155,0.119533527696793,0.10515021459227468
16,133,421,0.18658892128279883,0.29542203147353363
73,86,27,0.11807580174927114,0.013590844062947067
84,80,211,0.10932944606413994,0.1452074391988555
222,105,203,0.1457725947521866,0.13948497854077252
83,94,123,0.12973760932944606,0.08226037195994278
32,79,118,0.10787172011661808,0.07868383404864092
74,74,367,0.10058309037900874,0.25679542203147354
85,85,180,0.11661807580174927,0.12303290414878398
83,101,166,0.13994169096209913,0.11301859799713877
84,84,200,0.1151603498542274,0.13733905579399142
32,118,92,0.16472303206997085,0.060085836909871244
78,128,206,0.1793002915451895,0.14163090128755365
79,111,115,0.15451895043731778,0.0765379113018598
84,76,65,0.10349854227405247,0.0407725321888412
32,105,84,0.1457725947521866,0.05436337625178827
70,74,193,0.10058309037900874,0.1323319027181688
79,85,39,0.11661807580174927,0.022174535050071532
82,80,142,0.10932944606413994,0.09585121602288985
32,88,60,0.12099125364431487,0.03719599427753934
67,86,215,0.11807580174927114,0.148068669527897
73,71,43,0.09620991253644315,0.02503576537911302
86,93,325,0.1282798833819242,0.22675250357653792
73,89,63,0.12244897959183673,0.03934191702432046
76,112,175,0.15597667638483964,0.11945636623748211
32,86,158,0.11807580174927114,0.1072961373390558
87,93,209,0.1282798833819242,0.14377682403433475
65,102,163,0.141399416909621,0.11087267525035766
82,132,55,0.18513119533527697,0.033619456366237484
188,99,163,0.13702623906705538,0.11087267525035766
32,115,125,0.16034985422740525,0.08369098712446352
66,96,104,0.1326530612244898,0.06866952789699571
85,81,106,0.11078717201166181,0.07010014306151645
84,84,130,0.1151603498542274,0.08726752503576538
32,109,144,0.15160349854227406,0.09728183118741059
73,96,256,0.1326530612244898,0.17739628040057226
78,104,202,0.14431486880466474,0.13876967095851217
32,74,147,0.10058309037900874,0.0994277539341917
84,100,62,0.13848396501457727,0.03862660944206009
72,70,73,0.09475218658892129,0.046494992846924176
69,113,79,0.15743440233236153,0.05078683834048641
32,96,98,0.1326530612244898,0.06437768240343347
78,101,129,0.13994169096209913,0.08655221745350501
69,155,80,0.21865889212827988,0.05150214592274678
65,136,257,0.19096209912536444,0.1781115879828326
82,115,77,0.16034985422740525,0.04935622317596566
32,115,123,0.16034985422740525,0.08226037195994278
70,95,165,0.13119533527696792,0.1123032904148784
85,78,73,0.10641399416909621,0.046494992846924176
84,75,271,0.10204081632653061,0.18812589413447783
85,85,169,0.11661807580174927,0.11516452074391989
82,100,106,0.13848396501457727,0.07010014306151645
69,113,120,0.15743440233236153,0.08011444921316166
32,49,193,0.0641399416909621,0.1323319027181688
84,76,165,0.10349854227405247,0.1123032904148784
72,73,40,0.09912536443148688,0.022889842632331903
69,119,88,0.1661807580174927,0.05722460658082976
32,97,84,0.13411078717201166,0.05436337625178827
79,90,111,0.1239067055393586,0.0736766809728183
86,70,109,0.09475218658892129,0.07224606580829757
187,41,817,0.052478134110787174,0.5786838340486409
8,230,366,0.32798833819241985,0.25608011444921314
71,74,338,0.10058309037900874,0.23605150214592274
8,185,271,0.26239067055393583,0.18812589413447783
71,88,218,0.12099125364431487,0.15021459227467812
79,103,115,0.14285714285714285,0.0765379113018598
86,75,145,0.10204081632653061,0.09799713876967096
69,153,162,0.21574344023323616,0.11015736766809728
82,110,98,0.15306122448979592,0.06437768240343347
78,76,85,0.10349854227405247,0.05507868383404864
77,121,237,0.16909620991253643,0.16380543633762518
69,111,195,0.15451895043731778,0.13376251788268956
78,73,99,0.09912536443148688,0.06509298998569385
84,62,144,0.08309037900874636,0.09728183118741059
32,80,138,0.10932944606413994,0.09298998569384835
73,68,179,0.09183673469387756,0.1223175965665236
83,97,104,0.13411078717201166,0.06866952789699571
32,98,121,0.13556851311953352,0.08082975679542204
71,65,489,0.08746355685131195,0.3440629470672389
79,73,131,0.09912536443148688,0.08798283261802575
73,81,48,0.11078717201166181,0.02861230329041488
78,136,137,0.19096209912536444,0.09227467811158799
71,75,157,0.10204081632653061,0.10658082975679542
32,114,10,0.1588921282798834,0.001430615164520744
84,78,186,0.10641399416909621,0.12732474964234622
79,107,30,0.14868804664723032,0.015736766809728183
32,92,89,0.12682215743440234,0.05793991416309013
70,91,142,0.12536443148688048,0.09585121602288985
79,101,68,0.13994169096209913,0.04291845493562232
82,73,136,0.09912536443148688,0.09155937052932761
67,77,238,0.10495626822157435,0.16452074391988555
69,103,156,0.14285714285714285,0.10586552217453506
32,97,58,0.13411078717201166,0.0357653791130186
65,85,148,0.11661807580174927,0.10014306151645208
32,55,72,0.0728862973760933,0.045779685264663805
76,83,106,0.11370262390670553,0.07010014306151645
79,94,202,0.12973760932944606,0.13876967095851217
84,80,71,0.10932944606413994,0.045064377682403435
32,100,104,0.13848396501457727,0.06866952789699571
79,73,124,0.09912536443148688,0.08297567954220315
70,100,38,0.13848396501457727,0.02145922746781116
32,84,233,0.1151603498542274,0.1609442060085837
84,84,117,0.1151603498542274,0.07796852646638054
72,90,48,0.1239067055393586,0.02861230329041488
73,65,98,0.08746355685131195,0.06437768240343347
78,88,120,0.12099125364431487,0.08011444921316166
71,83,24,0.11370262390670553,0.011444921316165951
83,96,165,0.1326530612244898,0.1123032904148784
32,111,104,0.15451895043731778,0.06866952789699571
79,102,94,0.141399416909621,0.06151645207439199
78,102,124,0.141399416909621,0.08297567954220315
32,112,128,0.15597667638483964,0.08583690987124463
85,104,87,0.14431486880466474,0.056509298998569386
83,99,88,0.13702623906705538,0.05722460658082976
188,102,151,0.141399416909621,0.10228898426323318
32,88,132,0.12099125364431487,0.08869814020028613
65,103,77,0.14285714285714285,0.04935622317596566
78,90,73,0.1239067055393586,0.046494992846924176
68,109,135,0.15160349854227406,0.09084406294706723
32,111,64,0.15451895043731778,0.04005722460658083
79,83,89,0.11370262390670553,0.05793991416309013
78,96,126,0.1326530612244898,0.0844062947067239
69,64,200,0.08600583090379009,0.13733905579399142
32,105,80,0.1457725947521866,0.05150214592274678
79,91,94,0.12536443148688048,0.06151645207439199
70,85,80,0.11661807580174927,0.05150214592274678
32,82,103,0.11224489795918367,0.06795422031473533
84,71,106,0.09620991253644315,0.07010014306151645
72,72,36,0.09766763848396501,0.020028612303290415
69,37,144,0.04664723032069971,0.09728183118741059
77,92,90,0.12682215743440234,0.058655221745350504
32,109,172,0.15160349854227406,0.11731044349070101
66,82,178,0.11224489795918367,0.12160228898426323
69,110,200,0.15306122448979592,0.13733905579399142
73,67,117,0.09037900874635568,0.07796852646638054
78,94,153,0.12973760932944606,0.10371959942775394
71,100,81,0.13848396501457727,0.05221745350500715
32,91,113,0.12536443148688048,0.07510729613733906
84,97,119,0.13411078717201166,0.07939914163090128
72,78,64,0.10641399416909621,0.04005722460658083
69,126,92,0.17638483965014579,0.060085836909871244
32,84,117,0.1151603498542274,0.07796852646638054
16,122,315,0.17055393586005832,0.21959942775393418
77,104,65,0.14431486880466474,0.0407725321888412
65,125,267,0.1749271137026239,0.18526466380543632
82,111,100,0.15451895043731778,0.06580829756795423
75,74,220,0.10058309037900874,0.15164520743919885
32,96,205,0.1326530612244898,0.14091559370529327
79,105,71,0.1457725947521866,0.045064377682403435
70,84,91,0.1151603498542274,0.059370529327610874
32,90,435,0.1239067055393586,0.3054363376251788
84,88,273,0.12099125364431487,0.18955650929899856
72,73,72,0.09912536443148688,0.045779685264663805
69,82,193,0.11224489795918367,0.1323319027181688
32,82,268,0.11224489795918367,0.1859799713876967
16,226,345,0.32215743440233235,0.24105865522174535
66,109,126,0.15160349854227406,0.0844062947067239
69,158,147,0.2230320699708455,0.0994277539341917
65,120,145,0.16763848396501457,0.09799713876967096
83,101,200,0.13994169096209913,0.13733905579399142
84,87,205,0.119533527696793,0.14091559370529327
188,99,153,0.13702623906705538,0.10371959942775394
32,86,196,0.11807580174927114,0.13447782546494993
87,94,214,0.12973760932944606,0.1473533619456366
72,71,57,0.09620991253644315,0.035050071530758224
65,134,135,0.1880466472303207,0.09084406294706723
84,95,101,0.13119533527696792,0.06652360515021459
32,92,190,0.12682215743440234,0.1301859799713877
87,129,128,0.18075801749271136,0.08583690987124463
69,98,206,0.13556851311953352,0.14163090128755365
32,65,106,0.08746355685131195,0.07010014306151645
69,143,126,0.20116618075801748,0.0844062947067239
65,161,124,0.22740524781341107,0.08297567954220315
84,86,136,0.11807580174927114,0.09155937052932761
188,92,144,0.12682215743440234,0.09728183118741059
32,83,197,0.11370262390670553,0.1351931330472103
65,91,128,0.12536443148688048,0.08583690987124463
8,73,342,0.09912536443148688,0.23891273247496422
87,108,84,0.15014577259475217,0.05436337625178827
72,79,153,0.10787172011661808,0.10371959942775394
65,134,41,0.1880466472303207,0.023605150214592276
84,115,101,0.16034985422740525,0.06652360515021459
32,91,131,0.12536443148688048,0.08798283261802575
87,101,98,0.13994169096209913,0.06437768240343347
69,84,161,0.1151603498542274,0.10944206008583691
32,101,200,0.13994169096209913,0.13733905579399142
66,67,149,0.09037900874635568,0.10085836909871244
85,83,129,0.11370262390670553,0.08655221745350501
89,77,346,0.10495626822157435,0.24177396280400573
188,103,314,0.14285714285714285,0.21888412017167383
32,80,181,0.10932944606413994,0.12374821173104435
65,92,69,0.12682215743440234,0.04363376251788269
78,79,81,0.10787172011661808,0.05221745350500715
68,89,128,0.12244897959183673,0.08583690987124463
32,69,103,0.09329446064139942,0.06795422031473533
67,77,159,0.10495626822157435,0.10801144492131616
72,50,101,0.06559766763848396,0.06652360515021459
65,103,179,0.14285714285714285,0.1223175965665236
78,72,616,0.09766763848396501,0.43490701001430615
71,71,154,0.09620991253644315,0.1044349070100143
69,76,228,0.10349854227405247,0.15736766809728184
32,84,204,0.1151603498542274,0.1402002861230329
79,128,147,0.1793002915451895,0.0994277539341917
70,78,107,0.10641399416909621,0.07081545064377683
32,82,94,0.11224489795918367,0.06151645207439199
67,90,238,0.1239067055393586,0.16452074391988555
85,74,98,0.10058309037900874,0.06437768240343347
82,219,156,0.3119533527696793,0.10586552217453506
69,99,293,0.13702623906705538,0.20386266094420602
78,75,75,0.10204081632653061,0.04792560801144492
67,78,169,0.10641399416909621,0.11516452074391989
89,69,67,0.09329446064139942,0.04220314735336195
190,129,187,0.18075801749271136,0.12804005722460657
32,109,186,0.15160349854227406,0.12732474964234622
16,202,146,0.28717201166180756,0.09871244635193133
84,78,152,0.10641399416909621,0.10300429184549356
72,66,125,0.08892128279883382,0.08369098712446352
69,84,84,0.1151603498542274,0.05436337625178827
32,73,132,0.09912536443148688,0.08869814020028613
79,77,108,0.10495626822157435,0.0715307582260372
8,60,342,0.08017492711370262,0.23891273247496422
71,79,72,0.10787172011661808,0.045779685264663805
79,111,116,0.15451895043731778,0.07725321888412018
86,75,100,0.10204081632653061,0.06580829756795423
69,148,156,0.20845481049562684,0.10586552217453506
82,119,80,0.1661807580174927,0.05150214592274678
78,76,91,0.10349854227405247,0.059370529327610874
77,115,200,0.16034985422740525,0.13733905579399142
69,114,126,0.1588921282798834,0.0844062947067239
78,73,134,0.09912536443148688,0.09012875536480687
84,97,105,0.13411078717201166,0.06938483547925609
32,74,161,0.10058309037900874,0.10944206008583691
67,81,439,0.11078717201166181,0.3082975679542203
65,124,167,0.17346938775510204,0.11373390557939914
78,78,87,0.10641399416909621,0.056509298998569386
32,64,-1,0.08600583090379009,-1.0
65,91,219,0.12536443148688048,0.15092989985693847
76,249,47,0.3556851311953353,0.027896995708154508
8,596,-1,0.8615160349854227,-1.0
222,124,1035,0.17346938775510204,0.734620886981402
84,96,113,0.1326530612244898,0.07510729613733906
32,101,86,0.13994169096209913,0.055793991416309016
65,102,123,0.141399416909621,0.08226037195994278
76,227,58,0.3236151603498542,0.0357653791130186
79,113,295,0.15743440233236153,0.20529327610872675
87,99,102,0.13702623906705538,0.06723891273247497
32,77,139,0.10495626822157435,0.09370529327610873
84,98,-1,0.13556851311953352,-1.0
72,68,70,0.09183673469387756,0.044349070100143065
69,97,106,0.13411078717201166,0.07010014306151645
32,78,59,0.10641399416909621,0.03648068669527897
16,102,187,0.141399416909621,0.12804005722460657
65,85,67,0.11661807580174927,0.04220314735336195
77,104,129,0.14431486880466474,0.08655221745350501
69,116,157,0.1618075801749271,0.10658082975679542
82,105,72,0.1457725947521866,0.045779685264663805
73,88,129,0.12099125364431487,0.08655221745350501
67,82,174,0.11224489795918367,0.11874105865522175
65,121,168,0.16909620991253643,0.11444921316165951
78,90,76,0.1239067055393586,0.04864091559370529
32,76,156,0.10349854227405247,0.10586552217453506
80,86,477,0.11807580174927114,0.3354792560801145
69,92,167,0.12682215743440234,0.11373390557939914
79,128,31,0.1793002915451895,0.016452074391988557
80,84,174,0.1151603498542274,0.11874105865522175
76,75,243,0.10204081632653061,0.1680972818311874
69,49,83,0.0641399416909621,0.0536480686695279
32,88,423,0.12099125364431487,0.2968526466380544
84,97,110,0.13411078717201166,0.07296137339055794
79,130,40,0.18221574344023322,0.022889842632331903
32,109,115,0.15160349854227406,0.0765379113018598
66,81,153,0.11078717201166181,0.10371959942775394
69,62,173,0.08309037900874636,0.11802575107296137
32,65,112,0.08746355685131195,0.07439198855507868
65,131,280,0.1836734693877551,0.19456366237482117
82,109,89,0.15160349854227406,0.05793991416309013
77,107,137,0.14868804664723032,0.09227467811158799
69,83,151,0.11370262390670553,0.10228898426323318
68,73,209,0.09912536443148688,0.14377682403433475
32,90,89,0.1239067055393586,0.05793991416309013
70,77,78,0.10495626822157435,0.05007153075822604
79,93,66,0.1282798833819242,0.04148783977110158
82,80,124,0.10932944606413994,0.08297567954220315
32,82,107,0.11224489795918367,0.07081545064377683
84,75,90,0.10204081632653061,0.058655221745350504
72,64,54,0.08600583090379009,0.032904148783977114
69,98,86,0.13556851311953352,0.055793991416309016
78,91,88,0.12536443148688048,0.05722460658082976
32,83,111,0.11370262390670553,0.0736766809728183
87,106,72,0.14723032069970846,0.045779685264663805
69,142,89,0.19970845481049562,0.05793991416309013
32,75,230,0.10204081632653061,0.15879828326180256
77,93,155,0.1282798833819242,0.10515021459227468
73,77,160,0.10495626822157435,0.10872675250357654
71,90,57,0.1239067055393586,0.035050071530758224
72,92,104,0.12682215743440234,0.06866952789699571
84,64,100,0.08600583090379009,0.06580829756795423
32,81,72,0.11078717201166181,0.045779685264663805
80,80,88,0.10932944606413994,0.05722460658082976
79,96,168,0.1326530612244898,0.11444921316165951
83,64,103,0.08600583090379009,0.06795422031473533
69,91,115,0.12536443148688048,0.0765379113018598
32,96,104,0.1326530612244898,0.06866952789699571
65,101,211,0.13994169096209913,0.1452074391988555
32,83,84,0.11370262390670553,0.05436337625178827
84,78,158,0.10641399416909621,0.1072961373390558
72,69,96,0.09329446064139942,0.06294706723891273
82,173,99,0.24489795918367346,0.06509298998569385
69,153,137,0.21574344023323616,0.09227467811158799
65,149,133,0.2099125364431487,0.08941344778254649
84,84,96,0.1151603498542274,0.06294706723891273
190,122,151,0.17055393586005832,0.10228898426323318
32,92,132,0.12682215743440234,0.08869814020028613
16,124,145,0.17346938775510204,0.09799713876967096
71,81,63,0.11078717201166181,0.03934191702432046
85,76,137,0.10349854227405247,0.09227467811158799
78,91,202,0.12536443148688048,0.13876967095851217
32,89,188,0.12244897959183673,0.12875536480686695
67,98,198,0.13556851311953352,0.13590844062947066
79,66,71,0.08892128279883382,0.045064377682403435
78,87,126,0.119533527696793,0.0844062947067239
84,85,60,0.11661807580174927,0.03719599427753934
82,91,188,0.12536443148688048,0.12875536480686695
79,77,39,0.10495626822157435,0.022174535050071532
76,104,178,0.14431486880466474,0.12160228898426323
32,93,174,0.1282798833819242,0.11874105865522175
73,55,100,0.0728862973760933,0.06580829756795423
83,105,92,0.1457725947521866,0.060085836909871244
32,93,81,0.1282798833819242,0.05221745350500715
74,78,113,0.10641399416909621,0.07510729613733906
85,76,167,0.10349854227405247,0.11373390557939914
83,104,40,0.14431486880466474,0.022889842632331903
84,79,191,0.10787172011661808,0.13090128755364808
32,107,48,0.14868804664723032,0.02861230329041488
73,67,95,0.09037900874635568,0.06223175965665236
83,100,98,0.13848396501457727,0.06437768240343347
8,241,698,0.34402332361516036,0.49356223175965663
83,69,293,0.09329446064139942,0.20386266094420602
73,101,357,0.13994169096209913,0.24964234620886983
77,113,231,0.15743440233236153,0.15951359084406294
80,95,210,0.13119533527696792,0.14449213161659513
76,111,208,0.15451895043731778,0.1430615164520744
89,78,290,0.10641399416909621,0.2017167381974249
32,81,182,0.11078717201166181,0.12446351931330472
65,131,428,0.1836734693877551,0.30042918454935624
78,112,74,0.15597667638483964,0.04721030042918455
79,102,164,0.141399416909621,0.11158798283261803
84,80,88,0.10932944606413994,0.05722460658082976
72,78,60,0.10641399416909621,0.03719599427753934
69,123,91,0.17201166180758018,0.059370529327610874
82,100,79,0.13848396501457727,0.05078683834048641
32,104,59,0.14431486880466474,0.03648068669527897
87,134,114,0.1880466472303207,0.07582260371959942
65,142,170,0.19970845481049562,0.11587982832618025
89,94,57,0.12973760932944606,0.035050071530758224
32,101,157,0.13994169096209913,0.10658082975679542
79,101,131,0.13994169096209913,0.08798283261802575
70,79,126,0.10787172011661808,0.0844062947067239
32,108,110,0.15014577259475217,0.07296137339055794
83,89,131,0.12244897959183673,0.08798283261802575
84,97,146,0.13411078717201166,0.09871244635193133
73,94,131,0.12973760932944606,0.08798283261802575
80,242,300,0.3454810495626822,0.2088698140200286
73,77,342,0.10495626822157435,0.23891273247496422
78,93,139,0.1282798833819242,0.09370529327610873
71,70,355,0.09475218658892129,0.24821173104434907
32,88,154,0.12099125364431487,0.1044349070100143
85,91,116,0.12536443148688048,0.07725321888412018
83,100,80,0.13848396501457727,0.05150214592274678
32,100,123,0.13848396501457727,0.08226037195994278
79,92,145,0.12682215743440234,0.09799713876967096
70,119,99,0.1661807580174927,0.06509298998569385
32,106,413,0.14723032069970846,0.28969957081545067
65,124,146,0.17346938775510204,0.09871244635193133
76,224,90,0.31924198250728864,0.058655221745350504
32,139,212,0.19533527696793002,0.1459227467811159
79,111,127,0.15451895043731778,0.08512160228898426
85,114,83,0.1588921282798834,0.0536480686695279
82,102,87,0.141399416909621,0.056509298998569386
32,97,110,0.13411078717201166,0.07296137339055794
82,86,149,0.11807580174927114,0.10085836909871244
73,96,46,0.1326530612244898,0.027181688125894134
71,67,147,0.09037900874635568,0.0994277539341917
72,90,33,0.1239067055393586,0.0178826895565093
84,78,117,0.10641399416909621,0.07796852646638054
83,114,166,0.1588921282798834,0.11301859799713877
190,109,91,0.15160349854227406,0.059370529327610874
32,104,116,0.14431486880466474,0.07725321888412018
16,152,183,0.21428571428571427,0.1251788268955651
84,111,8,0.15451895043731778,0.0
72,73,305,0.09912536443148688,0.21244635193133046
69,81,177,0.11078717201166181,0.12088698140200287
32,100,149,0.13848396501457727,0.10085836909871244
71,82,123,0.11224489795918367,0.08226037195994278
79,113,71,0.15743440233236153,0.045064377682403435
86,76,370,0.10349854227405247,0.25894134477825465
69,175,184,0.2478134110787172,0.12589413447782546
82,117,123,0.16326530612244897,0.08226037195994278
78,64,105,0.08600583090379009,0.06938483547925609
77,85,266,0.11661807580174927,0.18454935622317598
69,93,130,0.1282798833819242,0.08726752503576538
78,71,103,0.09620991253644315,0.06795422031473533
84,63,105,0.08454810495626822,0.06938483547925609
32,92,1235,0.12682215743440234,0.8776824034334764
67,126,1384,0.17638483965014579,0.9842632331902719
65,114,274,0.1588921282798834,0.19027181688125894
78,131,58,0.1836734693877551,0.0357653791130186
222,105,179,0.1457725947521866,0.1223175965665236
84,91,74,0.12536443148688048,0.04721030042918455
32,84,189,0.1151603498542274,0.12947067238912732
74,75,122,0.10204081632653061,0.0815450643776824
85,85,182,0.11661807580174927,0.12446351931330472
83,98,70,0.13556851311953352,0.044349070100143065
84,90,173,0.1239067055393586,0.11802575107296137
32,99,74,0.13702623906705538,0.04721030042918455
67,77,175,0.10495626822157435,0.11945636623748211
79,91,20,0.12536443148688048,0.008583690987124463
77,122,185,0.17055393586005832,0.12660944206008584
69,93,84,0.1282798833819242,0.05436337625178827
32,106,120,0.14723032069970846,0.08011444921316166
79,121,94,0.16909620991253643,0.06151645207439199
85,96,85,0.1326530612244898,0.05507868383404864
84,85,137,0.11661807580174927,0.09227467811158799
32,71,110,0.09620991253644315,0.07296137339055794
65,88,97,0.12099125364431487,0.06366237482117311
78,83,56,0.11370262390670553,0.034334763948497854
68,98,123,0.13556851311953352,0.08226037195994278
32,76,63,0.10349854227405247,0.03934191702432046
69,101,172,0.13994169096209913,0.11731044349070101
77,99,201,0.13702623906705538,0.1380543633762518
65,123,171,0.17201166180758018,0.11659513590844063
78,78,98,0.10641399416909621,0.06437768240343347
68,84,203,0.1151603498542274,0.13948497854077252
32,107,172,0.14868804664723032,0.11731044349070101
79,123,95,0.17201166180758018,0.06223175965665236
85,85,109,0.11661807580174927,0.07224606580829757
82,75,63,0.10204081632653061,0.03934191702432046
32,102,154,0.141399416909621,0.1044349070100143
71,74,132,0.10058309037900874,0.08869814020028613
85,73,47,0.09912536443148688,0.027896995708154508
78,92,205,0.12682215743440234,0.14091559370529327
83,108,178,0.15014577259475217,0.12160228898426323
188,80,95,0.10932944606413994,0.06223175965665236
32,100,121,0.13848396501457727,0.08082975679542204
83,108,88,0.15014577259475217,0.05722460658082976
79,105,71,0.1457725947521866,0.045064377682403435
32,69,113,0.09329446064139942,0.07510729613733906
84,102,149,0.141399416909621,0.10085836909871244
72,70,48,0.09475218658892129,0.02861230329041488
69,89,164,0.12244897959183673,0.11158798283261803
89,103,62,0.14285714285714285,0.03862660944206009
32,77,211,0.10495626822157435,0.1452074391988555
72,61,147,0.08163265306122448,0.0994277539341917
65,68,69,0.09183673469387756,0.04363376251788269
86,78,214,0.10641399416909621,0.1473533619456366
69,113,156,0.15743440233236153,0.10586552217453506
32,92,91,0.12682215743440234,0.059370529327610874
84,87,79,0.119533527696793,0.05078683834048641
79,103,52,0.14285714285714285,0.031473533619456366
32,101,80,0.13994169096209913,0.05150214592274678
68,91,119,0.12536443148688048,0.07939914163090128
79,100,43,0.13848396501457727,0.02503576537911302
32,91,114,0.12536443148688048,0.07582260371959942
73,92,98,0.12682215743440234,0.06437768240343347
84,85,105,0.11661807580174927,0.06938483547925609
72,78,113,0.10641399416909621,0.07510729613733906
8,71,539,0.09620991253644315,0.3798283261802575
32,84,196,0.1151603498542274,0.13447782546494993
84,75,91,0.10204081632653061,0.059370529327610874
72,67,60,0.09037900874635568,0.03719599427753934
82,78,126,0.10641399416909621,0.0844062947067239
79,112,22,0.15597667638483964,0.010014306151645207
85,80,64,0.10932944606413994,0.04005722460658083
71,66,131,0.08892128279883382,0.08798283261802575
72,78,82,0.10641399416909621,0.05293276108726753
32,77,149,0.10495626822157435,0.10085836909871244
66,106,158,0.14723032069970846,0.1072961373390558
82,105,120,0.1457725947521866,0.08011444921316166
65,123,569,0.17201166180758018,0.4012875536480687
73,90,72,0.1239067055393586,0.045779685264663805
78,87,156,0.119533527696793,0.10586552217453506
87,102,283,0.141399416909621,0.19670958512160228
65,85,182,0.11661807580174927,0.12446351931330472
83,90,199,0.1239067055393586,0.13662374821173104
188,90,198,0.1239067055393586,0.13590844062947066
32,81,230,0.11078717201166181,0.15879828326180256
77,116,277,0.1618075801749271,0.19241773962804007
73,83,206,0.11370262390670553,0.14163090128755365
78,103,133,0.14285714285714285,0.08941344778254649
68,105,90,0.1457725947521866,0.058655221745350504
32,88,135,0.12099125364431487,0.09084406294706723
67,95,271,0.13119533527696792,0.18812589413447783
79,100,132,0.13848396501457727,0.08869814020028613
78,93,157,0.1282798833819242,0.10658082975679542
84,76,105,0.10349854227405247,0.06938483547925609
82,86,189,0.11807580174927114,0.12947067238912732
79,77,66,0.10495626822157435,0.04148783977110158
76,84,170,0.1151603498542274,0.11587982832618025
188,68,222,0.09183673469387756,0.1530758226037196
32,56,208,0.07434402332361516,0.1430615164520744
72,63,-1,0.08454810495626822,-1.0
82,128,-1,0.1793002915451895,-1.0
65,93,-1,0.1282798833819242,-1.0
78,83,72,0.11370262390670553,0.045779685264663805
68,97,143,0.13411078717201166,0.09656652360515021
32,88,86,0.12099125364431487,0.055793991416309016
67,98,129,0.13556851311953352,0.08655221745350501
79,78,57,0.10641399416909621,0.035050071530758224
78,103,117,0.14285714285714285,0.07796852646638054
84,85,135,0.11661807580174927,0.09084406294706723
82,85,188,0.11661807580174927,0.12875536480686695
79,78,54,0.10641399416909621,0.032904148783977114
76,234,168,0.3338192419825073,0.11444921316165951
69,84,201,0.1151603498542274,0.1380543633762518
32,101,271,0.13994169096209913,0.18812589413447783
8,65,366,0.08746355685131195,0.25608011444921314
68,102,72,0.141399416909621,0.045779685264663805
32,93,110,0.1282798833819242,0.07296137339055794
68,125,221,0.1749271137026239,0.15236051502145923
73,81,71,0.11078717201166181,0.045064377682403435
83,111,130,0.15451895043731778,0.08726752503576538
65,128,357,0.1793002915451895,0.24964234620886983
83,107,266,0.14868804664723032,0.18454935622317598
84,89,208,0.12244897959183673,0.1430615164520744
69,151,166,0.21282798833819241,0.11301859799713877
82,112,93,0.15597667638483964,0.060801144492131615
83,89,270,0.12244897959183673,0.18741058655221746
68,93,-1,0.1282798833819242,-1.0
32,122,1328,0.17055393586005832,0.944206008583691
83,101,489,0.13994169096209913,0.3440629470672389
85,93,109,0.1282798833819242,0.07224606580829757
67,85,100,0.11661807580174927,0.06580829756795423
72,99,97,0.13702623906705538,0.06366237482117311
32,85,118,0.11661807580174927,0.07868383404864092
65,114,95,0.1588921282798834,0.06223175965665236
83,112,202,0.15597667638483964,0.13876967095851217
32,93,120,0.1282798833819242,0.08011444921316166
83,98,119,0.13556851311953352,0.07939914163090128
67,78,185,0.10641399416909621,0.12660944206008584
72,75,52,0.10204081632653061,0.031473533619456366
79,205,103,0.2915451895043732,0.06795422031473533
76,116,297,0.1618075801749271,0.2067238912732475
32,84,361,0.1151603498542274,0.2525035765379113
83,112,101,0.15597667638483964,0.06652360515021459
72,67,94,0.09037900874635568,0.06151645207439199
79,249,94,0.3556851311953353,0.06151645207439199
84,76,597,0.10349854227405247,0.42131616595135907
73,81,145,0.11078717201166181,0.09799713876967096
78,89,210,0.12244897959183673,0.14449213161659513
71,78,250,0.10641399416909621,0.17310443490701002
83,129,168,0.18075801749271136,0.11444921316165951
32,85,111,0.11661807580174927,0.0736766809728183
84,89,109,0.12244897959183673,0.07224606580829757
72,70,65,0.09475218658892129,0.0407725321888412
65,140,60,0.1967930029154519,0.03719599427753934
84,101,91,0.13994169096209913,0.059370529327610874
32,85,87,0.11661807580174927,0.056509298998569386
84,128,212,0.1793002915451895,0.1459227467811159
72,94,68,0.12973760932944606,0.04291845493562232
69,120,67,0.16763848396501457,0.04220314735336195
32,93,105,0.1282798833819242,0.06938483547925609
71,95,274,0.13119533527696792,0.19027181688125894
79,88,138,0.12099125364431487,0.09298998569384835
86,83,399,0.11370262390670553,0.27968526466380544
69,170,259,0.24052478134110788,0.17954220314735336
82,118,97,0.16472303206997085,0.06366237482117311
78,77,107,0.10495626822157435,0.07081545064377683
69,79,151,0.10787172011661808,0.10228898426323318
77,107,103,0.14868804664723032,0.06795422031473533
78,79,432,0.10787172011661808,0.3032904148783977
84,84,99,0.1151603498542274,0.06509298998569385
32,75,166,0.10204081632653061,0.11301859799713877
8,691,1406,1.0,1.0
77,78,949,0.10641399416909621,0.67310443490701
69,107,123,0.14868804664723032,0.08226037195994278
78,83,127,0.11370262390670553,0.08512160228898426
84,83,93,0.11370262390670553,0.060801144492131615
32,99,1071,0.13702623906705538,0.7603719599427754
83,93,193,0.1282798833819242,0.1323319027181688
84,92,153,0.12682215743440234,0.10371959942775394
65,121,108,0.16909620991253643,0.0715307582260372
71,97,147,0.13411078717201166,0.0994277539341917
69,73,152,0.09912536443148688,0.10300429184549356
68,108,199,0.15014577259475217,0.13662374821173104
190,126,98,0.17638483965014579,0.06437768240343347
32,103,149,0.14285714285714285,0.10085836909871244
16,380,189,0.5466472303206997,0.12947067238912732
71,102,175,0.141399416909621,0.11945636623748211
85,70,361,0.09475218658892129,0.2525035765379113
78,99,186,0.13702623906705538,0.12732474964234622
32,114,162,0.1588921282798834,0.11015736766809728
79,87,121,0.119533527696793,0.08082975679542204
87,109,159,0.15160349854227406,0.10801144492131616
78,79,230,0.10787172011661808,0.15879828326180256
69,152,169,0.21428571428571427,0.11516452074391989
82,94,105,0.12973760932944606,0.06938483547925609
83,92,204,0.12682215743440234,0.1402002861230329
72,54,99,0.07142857142857142,0.06509298998569385
73,134,89,0.1880466472303207,0.05793991416309013
32,51,368,0.06705539358600583,0.2575107296137339
8,83,367,0.11370262390670553,0.25679542203147354
80,70,240,0.09475218658892129,0.1659513590844063
32,106,164,0.14723032069970846,0.11158798283261803
73,88,113,0.12099125364431487,0.07510729613733906
83,109,100,0.15160349854227406,0.06580829756795423
79,181,248,0.2565597667638484,0.17167381974248927
85,100,152,0.13848396501457727,0.10300429184549356
82,91,107,0.12536443148688048,0.07081545064377683
32,63,168,0.08454810495626822,0.11444921316165951
8,510,356,0.7361516034985423,0.24892703862660945
32,99,603,0.13702623906705538,0.42560801144492133
79,105,107,0.1457725947521866,0.07081545064377683
82,87,181,0.119533527696793,0.12374821173104435
32,97,170,0.13411078717201166,0.11587982832618025
8,196,400,0.2784256559766764,0.2804005722460658
85,82,320,0.11224489795918367,0.22317596566523606
82,84,213,0.1151603498542274,0.14663805436337626
32,101,244,0.13994169096209913,0.1688125894134478
67,100,323,0.13848396501457727,0.22532188841201717
79,96,53,0.1326530612244898,0.032188841201716736
78,90,147,0.1239067055393586,0.0994277539341917
83,99,297,0.13702623906705538,0.2067238912732475
84,91,238,0.12536443148688048,0.16452074391988555
73,95,136,0.13119533527696792,0.09155937052932761
84,98,157,0.13556851311953352,0.10658082975679542
85,73,163,0.09912536443148688,0.11087267525035766
84,82,298,0.11224489795918367,0.20743919885550788
73,114,112,0.1588921282798834,0.07439198855507868
79,124,97,0.17346938775510204,0.06366237482117311
78,113,139,0.15743440233236153,0.09370529327610873
65,116,167,0.1618075801749271,0.11373390557939914
32,81,221,0.11078717201166181,0.15236051502145923
8,79,356,0.10787172011661808,0.24892703862660945
76,106,217,0.14723032069970846,0.14949928469241774
32,93,182,0.1282798833819242,0.12446351931330472
82,99,182,0.13702623906705538,0.12446351931330472
73,79,88,0.10787172011661808,0.05722460658082976
71,79,124,0.10787172011661808,0.08297567954220315
72,82,68,0.11224489795918367,0.04291845493562232
84,85,112,0.11661807580174927,0.07439198855507868
188,108,135,0.15014577259475217,0.09084406294706723
32,72,185,0.09766763848396501,0.12660944206008584
65,67,98,0.09037900874635568,0.06437768240343347
8,415,360,0.597667638483965,0.25178826895565093
190,90,810,0.1239067055393586,0.5736766809728183
32,131,202,0.1836734693877551,0.13876967095851217
16,189,139,0.26822157434402333,0.09370529327610873
87,140,76,0.1967930029154519,0.04864091559370529
69,102,229,0.141399416909621,0.15808297567954221
32,56,141,0.07434402332361516,0.09513590844062947
72,65,154,0.08746355685131195,0.1044349070100143
65,76,54,0.10349854227405247,0.032904148783977114
86,81,185,0.11078717201166181,0.12660944206008584
69,93,182,0.1282798833819242,0.12446351931330472
32,96,73,0.1326530612244898,0.046494992846924176
84,89,84,0.12244897959183673,0.05436337625178827
72,70,69,0.09475218658892129,0.04363376251788269
69,118,310,0.16472303206997085,0.21602288984263232
32,84,840,0.1151603498542274,0.5951359084406295
73,73,265,0.09912536443148688,0.1838340486409156
8,58,374,0.07725947521865889,0.26180257510729615
82,91,43,0.12536443148688048,0.02503576537911302
73,72,161,0.09766763848396501,0.10944206008583691
71,73,132,0.09912536443148688,0.08869814020028613
72,85,114,0.11661807580174927,0.07582260371959942
84,75,74,0.10204081632653061,0.04721030042918455
32,81,149,0.11078717201166181,0.10085836909871244
84,75,70,0.10204081632653061,0.044349070100143065
79,107,83,0.14868804664723032,0.0536480686695279
32,79,125,0.10787172011661808,0.08369098712446352
68,86,236,0.11807580174927114,0.1630901287553648
69,100,206,0.13848396501457727,0.14163090128755365
70,84,196,0.1151603498542274,0.13447782546494993
69,95,187,0.13119533527696792,0.12804005722460657
78,71,137,0.09620991253644315,0.09227467811158799
68,88,207,0.12099125364431487,0.14234620886981403
32,79,163,0.10787172011661808,0.11087267525035766
79,119,207,0.1661807580174927,0.14234620886981403
85,89,81,0.12244897959183673,0.05221745350500715
82,90,328,0.1239067055393586,0.22889842632331903
83,99,291,0.13702623906705538,0.20243204577968527
69,93,180,0.1282798833819242,0.12303290414878398
76,100,71,0.13848396501457727,0.045064377682403435
86,74,239,0.10058309037900874,0.16523605150214593
69,90,173,0.1239067055393586,0.11802575107296137
83,110,118,0.15306122448979592,0.07868383404864092
16,322,814,0.4620991253644315,0.5765379113018598
49,100,184,0.13848396501457727,0.12589413447782546
82,10,17,0.007288629737609329,0.006437768240343348
25,11,23,0.008746355685131196,0.01072961373390558
80,9,27,0.0058309037900874635,0.013590844062947067
27,14,15,0.013119533527696793,0.005007153075822604
63,13,25,0.011661807580174927,0.012160228898426323
86,5,19,0.0,0.007868383404864092
69,5,28,0.0,0.01430615164520744
20,7,21,0.0029154518950437317,0.009298998569384835
81,6,21,0.0014577259475218659,0.009298998569384835
89,17,26,0.01749271137026239,0.012875536480686695
89,9,29,0.0058309037900874635,0.015021459227467811
86,19,29,0.02040816326530612,0.015021459227467811
18,13,18,0.011661807580174927,0.00715307582260372
20,6,18,0.0014577259475218659,0.00715307582260372
26,13,25,0.011661807580174927,0.012160228898426323
63,14,17,0.013119533527696793,0.006437768240343348
64,6,18,0.0014577259475218659,0.00715307582260372
71,5,27,0.0,0.013590844062947067
41,10,30,0.007288629737609329,0.015736766809728183
71,6,25,0.0014577259475218659,0.012160228898426323
38,11,19,0.008746355685131196,0.007868383404864092
82,9,17,0.0058309037900874635,0.006437768240343348
55,5,29,0.0,0.015021459227467811
43,16,30,0.016034985422740525,0.015736766809728183
57,15,10,0.014577259475218658,0.001430615164520744
47,9,19,0.0058309037900874635,0.007868383404864092
15,13,14,0.011661807580174927,0.004291845493562232
46,13,27,0.011661807580174927,0.013590844062947067
81,10,17,0.007288629737609329,0.006437768240343348
63,5,20,0.0,0.008583690987124463
65,8,22,0.004373177842565598,0.010014306151645207
73,13,26,0.011661807580174927,0.012875536480686695
65,10,13,0.007288629737609329,0.00357653791130186
19,11,25,0.008746355685131196,0.012160228898426323
45,15,19,0.014577259475218658,0.007868383404864092
24,13,12,0.011661807580174927,0.002861230329041488
18,6,13,0.0014577259475218659,0.00357653791130186
72,14,23,0.013119533527696793,0.01072961373390558
81,16,26,0.016034985422740525,0.012875536480686695
88,9,26,0.0058309037900874635,0.012875536480686695
48,12,27,0.01020408163265306,0.013590844062947067
31,10,13,0.007288629737609329,0.00357653791130186
78,18,24,0.018950437317784258,0.011444921316165951
75,7,18,0.0029154518950437317,0.00715307582260372
70,11,13,0.008746355685131196,0.00357653791130186
39,10,29,0.007288629737609329,0.015021459227467811
66,9,14,0.0058309037900874635,0.004291845493562232
42,18,21,0.018950437317784258,0.009298998569384835
54,16,10,0.016034985422740525,0.001430615164520744
18,15,13,0.014577259475218658,0.00357653791130186
29,20,27,0.021865889212827987,0.013590844062947067
64,12,27,0.01020408163265306,0.013590844062947067
49,13,11,0.011661807580174927,0.002145922746781116
88,20,16,0.021865889212827987,0.005722460658082976
47,10,27,0.007288629737609329,0.013590844062947067
21,19,28,0.02040816326530612,0.01430615164520744
39,6,28,0.0014577259475218659,0.01430615164520744
34,17,15,0.01749271137026239,0.005007153075822604
36,8,15,0.004373177842565598,0.005007153075822604
23,13,12,0.011661807580174927,0.002861230329041488
19,11,22,0.008746355685131196,0.010014306151645207
76,5,29,0.0,0.015021459227467811
69,13,20,0.011661807580174927,0.008583690987124463
65,15,17,0.014577259475218658,0.006437768240343348
14,19,22,0.02040816326530612,0.010014306151645207
59,16,20,0.016034985422740525,0.008583690987124463
77,20,12,0.021865889212827987,0.002861230329041488
55,12,27,0.01020408163265306,0.013590844062947067
71,20,19,0.021865889212827987,0.007868383404864092
47,20,13,0.021865889212827987,0.00357653791130186
84,8,18,0.004373177842565598,0.00715307582260372
36,6,10,0.0014577259475218659,0.001430615164520744
63,5,28,0.0,0.01430615164520744
71,18,17,0.018950437317784258,0.006437768240343348
69,13,23,0.011661807580174927,0.01072961373390558
79,17,13,0.01749271137026239,0.00357653791130186
80,20,12,0.021865889212827987,0.002861230329041488
68,14,28,0.013119533527696793,0.01430615164520744
39,16,19,0.016034985422740525,0.007868383404864092
25,8,15,0.004373177842565598,0.005007153075822604
59,7,14,0.0029154518950437317,0.004291845493562232
26,20,21,0.021865889212827987,0.009298998569384835
28,11,13,0.008746355685131196,0.00357653791130186
50,5,23,0.0,0.01072961373390558
88,6,10,0.0014577259475218659,0.001430615164520744
21,10,26,0.007288629737609329,0.012875536480686695
78,15,19,0.014577259475218658,0.007868383404864092
38,15,15,0.014577259475218658,0.005007153075822604
14,16,19,0.016034985422740525,0.007868383404864092
88,18,15,0.018950437317784258,0.005007153075822604
60,19,28,0.02040816326530612,0.01430615164520744
41,20,16,0.021865889212827987,0.005722460658082976
79,16,19,0.016034985422740525,0.007868383404864092
69,11,24,0.008746355685131196,0.011444921316165951
71,20,15,0.021865889212827987,0.005007153075822604
54,19,17,0.02040816326530612,0.006437768240343348
18,11,26,0.008746355685131196,0.012875536480686695
18,14,14,0.013119533527696793,0.004291845493562232
20,19,18,0.02040816326530612,0.00715307582260372
51,16,25,0.016034985422740525,0.012160228898426323
83,14,21,0.013119533527696793,0.009298998569384835
21,15,13,0.014577259475218658,0.00357653791130186
65,19,26,0.02040816326530612,0.012875536480686695
77,9,21,0.0058309037900874635,0.009298998569384835
34,11,29,0.008746355685131196,0.015021459227467811
20,19,19,0.02040816326530612,0.007868383404864092
60,5,21,0.0,0.009298998569384835
57,15,18,0.014577259475218658,0.00715307582260372
46,6,20,0.0014577259475218659,0.008583690987124463
45,19,19,0.02040816326530612,0.007868383404864092
27,20,10,0.021865889212827987,0.001430615164520744
41,14,12,0.013119533527696793,0.002861230329041488
83,20,14,0.021865889212827987,0.004291845493562232
34,14,17,0.013119533527696793,0.006437768240343348
40,19,27,0.02040816326530612,0.013590844062947067
23,5,29,0.0,0.015021459227467811
26,12,14,0.01020408163265306,0.004291845493562232
52,9,22,0.0058309037900874635,0.010014306151645207
58,5,16,0.0,0.005722460658082976
41,14,21,0.013119533527696793,0.009298998569384835
73,11,17,0.008746355685131196,0.006437768240343348
49,13,19,0.011661807580174927,0.007868383404864092
31,10,11,0.007288629737609329,0.002145922746781116
19,19,24,0.02040816326530612,0.011444921316165951
85,18,27,0.018950437317784258,0.013590844062947067
20,20,27,0.021865889212827987,0.013590844062947067
74,20,29,0.021865889212827987,0.015021459227467811
53,18,21,0.018950437317784258,0.009298998569384835
66,13,17,0.011661807580174927,0.006437768240343348
50,14,24,0.013119533527696793,0.011444921316165951
50,7,30,0.0029154518950437317,0.015736766809728183
67,9,25,0.0058309037900874635,0.012160228898426323
31,9,13,0.0058309037900874635,0.00357653791130186
56,13,28,0.011661807580174927,0.01430615164520744
15,14,16,0.013119533527696793,0.005722460658082976
75,9,18,0.0058309037900874635,0.00715307582260372
61,16,13,0.016034985422740525,0.00357653791130186
18,10,23,0.007288629737609329,0.01072961373390558
57,6,13,0.0014577259475218659,0.00357653791130186
49,19,21,0.02040816326530612,0.009298998569384835
73,8,11,0.004373177842565598,0.002145922746781116
61,8,25,0.004373177842565598,0.012160228898426323
78,13,29,0.011661807580174927,0.015021459227467811
63,13,18,0.011661807580174927,0.00715307582260372
14,13,23,0.011661807580174927,0.01072961373390558
58,11,20,0.008746355685131196,0.008583690987124463
29,5,19,0.0,0.007868383404864092
79,10,11,0.007288629737609329,0.002145922746781116
63,19,28,0.02040816326530612,0.01430615164520744
86,17,13,0.01749271137026239,0.00357653791130186
89,5,22,0.0,0.010014306151645207
87,10,20,0.007288629737609329,0.008583690987124463
58,9,29,0.0058309037900874635,0.015021459227467811
29,7,23,0.0029154518950437317,0.01072961373390558
35,17,27,0.01749271137026239,0.013590844062947067
52,9,20,0.0058309037900874635,0.008583690987124463
49,7,13,0.0029154518950437317,0.00357653791130186
35,8,22,0.004373177842565598,0.010014306151645207
40,10,10,0.007288629737609329,0.001430615164520744
31,9,18,0.0058309037900874635,0.00715307582260372
71,17,29,0.01749271137026239,0.015021459227467811
76,18,26,0.018950437317784258,0.012875536480686695
52,17,29,0.01749271137026239,0.015021459227467811
68,5,14,0.0,0.004291845493562232
89,14,21,0.013119533527696793,0.009298998569384835
37,10,21,0.007288629737609329,0.009298998569384835
25,17,23,0.01749271137026239,0.01072961373390558
21,8,10,0.004373177842565598,0.001430615164520744
37,12,23,0.01020408163265306,0.01072961373390558
80,20,26,0.021865889212827987,0.012875536480686695
82,5,29,0.0,0.015021459227467811
68,20,17,0.021865889212827987,0.006437768240343348
27,13,28,0.011661807580174927,0.01430615164520744
89,10,29,0.007288629737609329,0.015021459227467811
37,9,21,0.0058309037900874635,0.009298998569384835
85,16,26,0.016034985422740525,0.012875536480686695
88,10,20,0.007288629737609329,0.008583690987124463
86,12,23,0.01020408163265306,0.01072961373390558
36,16,16,0.016034985422740525,0.005722460658082976
78,11,16,0.008746355685131196,0.005722460658082976
35,5,21,0.0,0.009298998569384835
46,12,21,0.01020408163265306,0.009298998569384835
49,15,17,0.014577259475218658,0.006437768240343348
90,12,11,0.01020408163265306,0.002145922746781116
49,14,12,0.013119533527696793,0.002861230329041488
40,10,25,0.007288629737609329,0.012160228898426323
85,6,15,0.0014577259475218659,0.005007153075822604
31,18,13,0.018950437317784258,0.00357653791130186
43,13,19,0.011661807580174927,0.007868383404864092
56,11,12,0.008746355685131196,0.002861230329041488
42,20,15,0.021865889212827987,0.005007153075822604
54,10,18,0.007288629737609329,0.00715307582260372
67,15,30,0.014577259475218658,0.015736766809728183
53,6,19,0.0014577259475218659,0.007868383404864092
17,16,13,0.016034985422740525,0.00357653791130186
44,20,29,0.021865889212827987,0.015021459227467811
47,5,27,0.0,0.013590844062947067
65,6,20,0.0014577259475218659,0.008583690987124463
62,17,19,0.01749271137026239,0.007868383404864092
71,20,15,0.021865889212827987,0.005007153075822604
62,17,26,0.01749271137026239,0.012875536480686695
57,5,27,0.0,0.013590844062947067
47,19,16,0.02040816326530612,0.005722460658082976
41,13,23,0.011661807580174927,0.01072961373390558
40,17,25,0.01749271137026239,0.012160228898426323
85,9,19,0.0058309037900874635,0.007868383404864092
15,15,21,0.014577259475218658,0.009298998569384835
75,13,22,0.011661807580174927,0.010014306151645207
30,9,17,0.0058309037900874635,0.006437768240343348
72,20,13,0.021865889212827987,0.00357653791130186
39,5,27,0.0,0.013590844062947067
62,20,11,0.021865889212827987,0.002145922746781116
46,14,29,0.013119533527696793,0.015021459227467811
82,15,18,0.014577259475218658,0.00715307582260372
68,14,12,0.013119533527696793,0.002861230329041488
59,17,17,0.01749271137026239,0.006437768240343348
76,17,25,0.01749271137026239,0.012160228898426323
62,19,14,0.02040816326530612,0.004291845493562232
73,13,24,0.011661807580174927,0.011444921316165951
53,12,11,0.01020408163265306,0.002145922746781116
73,19,14,0.02040816326530612,0.004291845493562232
81,9,19,0.0058309037900874635,0.007868383404864092
25,12,20,0.01020408163265306,0.008583690987124463
22,11,29,0.008746355685131196,0.015021459227467811
71,5,23,0.0,0.01072961373390558
63,8,11,0.004373177842565598,0.002145922746781116
37,14,21,0.013119533527696793,0.009298998569384835
41,6,24,0.0014577259475218659,0.011444921316165951
60,18,11,0.018950437317784258,0.002145922746781116
89,20,24,0.021865889212827987,0.011444921316165951
77,20,26,0.021865889212827987,0.012875536480686695
20,5,12,0.0,0.002861230329041488
13,16,13,0.016034985422740525,0.00357653791130186
30,8,19,0.004373177842565598,0.007868383404864092
74,12,22,0.01020408163265306,0.010014306151645207
79,12,13,0.01020408163265306,0.00357653791130186
53,7,12,0.0029154518950437317,0.002861230329041488
76,19,17,0.02040816326530612,0.006437768240343348
79,8,24,0.004373177842565598,0.011444921316165951
49,18,20,0.018950437317784258,0.008583690987124463
25,15,18,0.014577259475218658,0.00715307582260372
53,10,21,0.007288629737609329,0.009298998569384835
87,19,25,0.02040816326530612,0.012160228898426323
34,5,23,0.0,0.01072961373390558
62,9,27,0.0058309037900874635,0.013590844062947067
53,18,23,0.018950437317784258,0.01072961373390558
51,11,13,0.008746355685131196,0.00357653791130186
55,8,18,0.004373177842565598,0.00715307582260372
39,10,28,0.007288629737609329,0.01430615164520744
32,14,17,0.013119533527696793,0.006437768240343348
69,15,12,0.014577259475218658,0.002861230329041488
40,12,16,0.01020408163265306,0.005722460658082976
77,7,21,0.0029154518950437317,0.009298998569384835
78,8,27,0.004373177842565598,0.013590844062947067
24,20,25,0.021865889212827987,0.012160228898426323
58,7,24,0.0029154518950437317,0.011444921316165951
83,13,13,0.011661807580174927,0.00357653791130186
81,5,26,0.0,0.012875536480686695
53,14,20,0.013119533527696793,0.008583690987124463
73,5,17,0.0,0.006437768240343348
72,6,13,0.0014577259475218659,0.00357653791130186
15,12,16,0.01020408163265306,0.005722460658082976
19,8,13,0.004373177842565598,0.00357653791130186
48,12,29,0.01020408163265306,0.015021459227467811
29,12,13,0.01020408163265306,0.00357653791130186
62,16,11,0.016034985422740525,0.002145922746781116
54,16,30,0.016034985422740525,0.015736766809728183
14,15,15,0.014577259475218658,0.005007153075822604
36,10,21,0.007288629737609329,0.009298998569384835
50,19,11,0.02040816326530612,0.002145922746781116
21,16,16,0.016034985422740525,0.005722460658082976
47,11,20,0.008746355685131196,0.008583690987124463
44,16,18,0.016034985422740525,0.00715307582260372
60,11,15,0.008746355685131196,0.005007153075822604
87,7,18,0.0029154518950437317,0.00715307582260372
46,11,26,0.008746355685131196,0.012875536480686695
22,5,11,0.0,0.002145922746781116
73,18,12,0.018950437317784258,0.002861230329041488
72,7,26,0.0029154518950437317,0.012875536480686695
90,14,30,0.013119533527696793,0.015736766809728183
47,6,21,0.0014577259475218659,0.009298998569384835
71,14,18,0.013119533527696793,0.00715307582260372
43,12,12,0.01020408163265306,0.002861230329041488
90,11,17,0.008746355685131196,0.006437768240343348
22,14,21,0.013119533527696793,0.009298998569384835
61,19,14,0.02040816326530612,0.004291845493562232
47,18,10,0.018950437317784258,0.001430615164520744
44,5,20,0.0,0.008583690987124463
48,8,11,0.004373177842565598,0.002145922746781116
15,19,24,0.02040816326530612,0.011444921316165951
46,6,18,0.0014577259475218659,0.00715307582260372
42,20,22,0.021865889212827987,0.010014306151645207
61,10,14,0.007288629737609329,0.004291845493562232
20,18,21,0.018950437317784258,0.009298998569384835
68,16,19,0.016034985422740525,0.007868383404864092
22,20,15,0.021865889212827987,0.005007153075822604
57,19,13,0.02040816326530612,0.00357653791130186
23,5,28,0.0,0.01430615164520744
64,11,18,0.008746355685131196,0.00715307582260372
74,12,24,0.01020408163265306,0.011444921316165951
78,6,10,0.0014577259475218659,0.001430615164520744
47,20,16,0.021865889212827987,0.005722460658082976
37,5,20,0.0,0.008583690987124463
79,10,16,0.007288629737609329,0.005722460658082976
69,17,21,0.01749271137026239,0.009298998569384835
24,12,21,0.01020408163265306,0.009298998569384835
83,17,16,0.01749271137026239,0.005722460658082976
25,5,26,0.0,0.012875536480686695
55,5,15,0.0,0.005007153075822604
78,14,15,0.013119533527696793,0.005007153075822604
72,10,18,0.007288629737609329,0.00715307582260372
90,6,10,0.0014577259475218659,0.001430615164520744
53,9,12,0.0058309037900874635,0.002861230329041488
83,8,20,0.004373177842565598,0.008583690987124463
51,18,10,0.018950437317784258,0.001430615164520744
16,11,30,0.008746355685131196,0.015736766809728183
49,5,11,0.0,0.002145922746781116
87,17,12,0.01749271137026239,0.002861230329041488
46,13,20,0.011661807580174927,0.008583690987124463
75,16,10,0.016034985422740525,0.001430615164520744
68,17,28,0.01749271137026239,0.01430615164520744
14,20,14,0.021865889212827987,0.004291845493562232
82,20,25,0.021865889212827987,0.012160228898426323
16,20,16,0.021865889212827987,0.005722460658082976
34,11,13,0.008746355685131196,0.00357653791130186
18,16,17,0.016034985422740525,0.006437768240343348
84,9,22,0.0058309037900874635,0.010014306151645207
52,7,12,0.0029154518950437317,0.002861230329041488
46,6,24,0.0014577259475218659,0.011444921316165951
57,11,20,0.008746355685131196,0.008583690987124463
51,16,18,0.016034985422740525,0.00715307582260372
67,12,11,0.01020408163265306,0.002145922746781116
56,13,27,0.011661807580174927,0.013590844062947067
47,5,17,0.0,0.006437768240343348
78,6,12,0.0014577259475218659,0.002861230329041488
86,10,28,0.007288629737609329,0.01430615164520744
57,5,23,0.0,0.01072961373390558
45,17,18,0.01749271137026239,0.00715307582260372
38,13,17,0.011661807580174927,0.006437768240343348
20,14,16,0.013119533527696793,0.005722460658082976
57,19,12,0.02040816326530612,0.002861230329041488
21,19,23,0.02040816326530612,0.01072961373390558
85,16,22,0.016034985422740525,0.010014306151645207
46,13,26,0.011661807580174927,0.012875536480686695
76,8,12,0.004373177842565598,0.002861230329041488
50,16,13,0.016034985422740525,0.00357653791130186
52,6,12,0.0014577259475218659,0.002861230329041488
21,17,24,0.01749271137026239,0.011444921316165951
39,6,27,0.0014577259475218659,0.013590844062947067
51,20,24,0.021865889212827987,0.011444921316165951
30,18,27,0.018950437317784258,0.013590844062947067
68,9,15,0.0058309037900874635,0.005007153075822604
42,11,28,0.008746355685131196,0.01430615164520744
76,12,28,0.01020408163265306,0.01430615164520744
90,16,10,0.016034985422740525,0.001430615164520744
57,20,18,0.021865889212827987,0.00715307582260372
29,14,13,0.013119533527696793,0.00357653791130186
79,20,29,0.021865889212827987,0.015021459227467811
34,15,23,0.014577259475218658,0.01072961373390558
68,11,28,0.008746355685131196,0.01430615164520744
48,9,25,0.0058309037900874635,0.012160228898426323
61,11,24,0.008746355685131196,0.011444921316165951
29,7,30,0.0029154518950437317,0.015736766809728183
35,10,16,0.007288629737609329,0.005722460658082976
89,18,18,0.018950437317784258,0.00715307582260372
16,20,18,0.021865889212827987,0.00715307582260372
16,6,16,0.0014577259475218659,0.005722460658082976
25,17,20,0.01749271137026239,0.008583690987124463
70,9,20,0.0058309037900874635,0.008583690987124463
20,19,24,0.02040816326530612,0.011444921316165951
31,16,17,0.016034985422740525,0.006437768240343348
86,15,13,0.014577259475218658,0.00357653791130186
76,6,10,0.0014577259475218659,0.001430615164520744
22,6,11,0.0014577259475218659,0.002145922746781116
32,14,26,0.013119533527696793,0.012875536480686695
86,14,23,0.013119533527696793,0.01072961373390558
47,7,16,0.0029154518950437317,0.005722460658082976
65,9,20,0.0058309037900874635,0.008583690987124463
64,15,22,0.014577259475218658,0.010014306151645207
30,11,13,0.008746355685131196,0.00357653791130186
34,13,29,0.011661807580174927,0.015021459227467811
15,17,30,0.01749271137026239,0.015736766809728183
70,18,24,0.018950437317784258,0.011444921316165951
13,20,18,0.021865889212827987,0.00715307582260372
55,9,15,0.0058309037900874635,0.005007153075822604
16,9,11,0.0058309037900874635,0.002145922746781116
14,6,13,0.0014577259475218659,0.00357653791130186
23,14,26,0.013119533527696793,0.012875536480686695
45,18,22,0.018950437317784258,0.010014306151645207
68,15,24,0.014577259475218658,0.011444921316165951
69,16,10,0.016034985422740525,0.001430615164520744
66,9,11,0.0058309037900874635,0.002145922746781116
18,14,19,0.013119533527696793,0.007868383404864092
71,19,29,0.02040816326530612,0.015021459227467811
47,8,23,0.004373177842565598,0.01072961373390558
70,6,28,0.0014577259475218659,0.01430615164520744
45,19,28,0.02040816326530612,0.01430615164520744
38,9,29,0.0058309037900874635,0.015021459227467811
77,8,28,0.004373177842565598,0.01430615164520744
63,19,13,0.02040816326530612,0.00357653791130186
33,10,21,0.007288629737609329,0.009298998569384835
61,15,12,0.014577259475218658,0.002861230329041488
80,18,23,0.018950437317784258,0.01072961373390558
58,9,24,0.0058309037900874635,0.011444921316165951
20,13,19,0.011661807580174927,0.007868383404864092
34,5,17,0.0,0.006437768240343348
13,10,14,0.007288629737609329,0.004291845493562232
19,18,22,0.018950437317784258,0.010014306151645207
19,18,12,0.018950437317784258,0.002861230329041488
74,16,28,0.016034985422740525,0.01430615164520744
79,14,25,0.013119533527696793,0.012160228898426323
45,11,20,0.008746355685131196,0.008583690987124463
35,7,20,0.0029154518950437317,0.008583690987124463
80,18,20,0.018950437317784258,0.008583690987124463
73,9,21,0.0058309037900874635,0.009298998569384835
78,17,11,0.01749271137026239,0.002145922746781116
86,6,11,0.0014577259475218659,0.002145922746781116
15,17,20,0.01749271137026239,0.008583690987124463
18,8,19,0.004373177842565598,0.007868383404864092
17,17,27,0.01749271137026239,0.013590844062947067
57,5,28,0.0,0.01430615164520744
57,17,11,0.01749271137026239,0.002145922746781116
30,15,10,0.014577259475218658,0.001430615164520744
43,20,26,0.021865889212827987,0.012875536480686695
81,14,10,0.013119533527696793,0.001430615164520744
36,8,19,0.004373177842565598,0.007868383404864092
43,9,12,0.0058309037900874635,0.002861230329041488
87,5,15,0.0,0.005007153075822604
64,14,25,0.013119533527696793,0.012160228898426323
42,15,11,0.014577259475218658,0.002145922746781116
87,5,12,0.0,0.002861230329041488
43,12,30,0.01020408163265306,0.015736766809728183
18,14,19,0.013119533527696793,0.007868383404864092
20,13,22,0.011661807580174927,0.010014306151645207
52,8,27,0.004373177842565598,0.013590844062947067
83,19,14,0.02040816326530612,0.004291845493562232
31,5,14,0.0,0.004291845493562232
66,10,11,0.007288629737609329,0.002145922746781116
87,17,13,0.01749271137026239,0.00357653791130186
82,12,16,0.01020408163265306,0.005722460658082976
43,19,16,0.02040816326530612,0.005722460658082976
26,19,29,0.02040816326530612,0.015021459227467811
88,19,25,0.02040816326530612,0.012160228898426323
57,8,10,0.004373177842565598,0.001430615164520744
15,8,29,0.004373177842565598,0.015021459227467811
35,7,13,0.0029154518950437317,0.00357653791130186
56,16,22,0.016034985422740525,0.010014306151645207
35,13,20,0.011661807580174927,0.008583690987124463
76,7,18,0.0029154518950437317,0.00715307582260372
90,19,27,0.02040816326530612,0.013590844062947067
70,9,30,0.0058309037900874635,0.015736766809728183
48,7,29,0.0029154518950437317,0.015021459227467811
79,6,13,0.0014577259475218659,0.00357653791130186
34,12,12,0.01020408163265306,0.002861230329041488
86,5,12,0.0,0.002861230329041488
60,16,22,0.016034985422740525,0.010014306151645207
29,8,16,0.004373177842565598,0.005722460658082976
53,5,10,0.0,0.001430615164520744
17,18,21,0.018950437317784258,0.009298998569384835
38,8,19,0.004373177842565598,0.007868383404864092
22,8,27,0.004373177842565598,0.013590844062947067
67,9,20,0.0058309037900874635,0.008583690987124463
59,19,22,0.02040816326530612,0.010014306151645207
49,13,29,0.011661807580174927,0.015021459227467811
79,6,23,0.0014577259475218659,0.01072961373390558
39,19,20,0.02040816326530612,0.008583690987124463
47,8,21,0.004373177842565598,0.009298998569384835
30,12,25,0.01020408163265306,0.012160228898426323
71,6,30,0.0014577259475218659,0.015736766809728183
69,15,10,0.014577259475218658,0.001430615164520744
76,17,23,0.01749271137026239,0.01072961373390558
87,13,10,0.011661807580174927,0.001430615164520744
77,11,21,0.008746355685131196,0.009298998569384835
33,16,17,0.016034985422740525,0.006437768240343348
20,18,29,0.018950437317784258,0.015021459227467811
32,9,12,0.0058309037900874635,0.002861230329041488
64,15,25,0.014577259475218658,0.012160228898426323
66,14,24,0.013119533527696793,0.011444921316165951
16,11,29,0.008746355685131196,0.015021459227467811
89,7,30,0.0029154518950437317,0.015736766809728183
48,13,18,0.011661807580174927,0.00715307582260372
38,5,25,0.0,0.012160228898426323
29,19,23,0.02040816326530612,0.01072961373390558
54,19,12,0.02040816326530612,0.002861230329041488
17,17,16,0.01749271137026239,0.005722460658082976
75,10,29,0.007288629737609329,0.015021459227467811
66,15,15,0.014577259475218658,0.005007153075822604
48,12,15,0.01020408163265306,0.005007153075822604
67,8,30,0.004373177842565598,0.015736766809728183
21,11,29,0.008746355685131196,0.015021459227467811
33,7,15,0.0029154518950437317,0.005007153075822604
20,16,20,0.016034985422740525,0.008583690987124463
61,6,20,0.0014577259475218659,0.008583690987124463
14,7,28,0.0029154518950437317,0.01430615164520744
49,19,30,0.02040816326530612,0.015736766809728183
46,18,11,0.018950437317784258,0.002145922746781116
90,20,13,0.021865889212827987,0.00357653791130186
34,15,20,0.014577259475218658,0.008583690987124463
58,8,12,0.004373177842565598,0.002861230329041488
38,14,14,0.013119533527696793,0.004291845493562232
50,11,27,0.008746355685131196,0.013590844062947067
25,18,24,0.018950437317784258,0.011444921316165951
63,16,29,0.016034985422740525,0.015021459227467811
29,6,23,0.0014577259475218659,0.01072961373390558
35,15,25,0.014577259475218658,0.012160228898426323
68,18,23,0.018950437317784258,0.01072961373390558
53,20,17,0.021865889212827987,0.006437768240343348
45,6,23,0.0014577259475218659,0.01072961373390558
18,10,12,0.007288629737609329,0.002861230329041488
21,9,20,0.0058309037900874635,0.008583690987124463
60,5,30,0.0,0.015736766809728183
15,17,18,0.01749271137026239,0.00715307582260372
89,19,15,0.02040816326530612,0.005007153075822604
33,17,12,0.01749271137026239,0.002861230329041488
62,10,15,0.007288629737609329,0.005007153075822604
42,12,14,0.01020408163265306,0.004291845493562232
57,5,18,0.0,0.00715307582260372
75,8,16,0.004373177842565598,0.005722460658082976
14,13,14,0.011661807580174927,0.004291845493562232
68,9,23,0.0058309037900874635,0.01072961373390558
73,19,15,0.02040816326530612,0.005007153075822604
64,12,28,0.01020408163265306,0.01430615164520744
77,13,27,0.011661807580174927,0.013590844062947067
72,16,14,0.016034985422740525,0.004291845493562232
42,18,21,0.018950437317784258,0.009298998569384835
54,6,20,0.0014577259475218659,0.008583690987124463
78,17,19,0.01749271137026239,0.007868383404864092
71,7,13,0.0029154518950437317,0.00357653791130186
26,9,22,0.0058309037900874635,0.010014306151645207
71,17,14,0.01749271137026239,0.004291845493562232
31,20,18,0.021865889212827987,0.00715307582260372
74,17,14,0.01749271137026239,0.004291845493562232
14,11,28,0.008746355685131196,0.01430615164520744
25,11,19,0.008746355685131196,0.007868383404864092
54,6,18,0.0014577259475218659,0.00715307582260372
64,17,10,0.01749271137026239,0.001430615164520744
81,16,15,0.016034985422740525,0.005007153075822604
28,11,26,0.008746355685131196,0.012875536480686695
54,17,24,0.01749271137026239,0.011444921316165951
37,5,25,0.0,0.012160228898426323
17,11,22,0.008746355685131196,0.010014306151645207
79,10,23,0.007288629737609329,0.01072961373390558
90,9,29,0.0058309037900874635,0.015021459227467811
51,10,28,0.007288629737609329,0.01430615164520744
46,20,19,0.021865889212827987,0.007868383404864092
23,19,24,0.02040816326530612,0.011444921316165951
55,20,12,0.021865889212827987,0.002861230329041488
69,16,15,0.016034985422740525,0.005007153075822604
71,15,23,0.014577259475218658,0.01072961373390558
42,10,25,0.007288629737609329,0.012160228898426323
70,9,12,0.0058309037900874635,0.002861230329041488
62,10,13,0.007288629737609329,0.00357653791130186
81,6,14,0.0014577259475218659,0.004291845493562232
26,9,29,0.0058309037900874635,0.015021459227467811
35,15,18,0.014577259475218658,0.00715307582260372
71,12,20,0.01020408163265306,0.008583690987124463
18,10,22,0.007288629737609329,0.010014306151645207
24,18,28,0.018950437317784258,0.01430615164520744
53,16,18,0.016034985422740525,0.00715307582260372
62,12,11,0.01020408163265306,0.002145922746781116
73,14,17,0.013119533527696793,0.006437768240343348
81,9,22,0.0058309037900874635,0.010014306151645207
70,16,26,0.016034985422740525,0.012875536480686695
75,10,22,0.007288629737609329,0.010014306151645207
23,6,14,0.0014577259475218659,0.004291845493562232
68,14,27,0.013119533527696793,0.013590844062947067
45,19,23,0.02040816326530612,0.01072961373390558
82,8,11,0.004373177842565598,0.002145922746781116
38,8,20,0.004373177842565598,0.008583690987124463
39,13,28,0.011661807580174927,0.01430615164520744
30,11,12,0.008746355685131196,0.002861230329041488
88,18,15,0.018950437317784258,0.005007153075822604
14,20,23,0.021865889212827987,0.01072961373390558
33,20,29,0.021865889212827987,0.015021459227467811
24,7,16,0.0029154518950437317,0.005722460658082976
67,7,14,0.0029154518950437317,0.004291845493562232
65,6,11,0.0014577259475218659,0.002145922746781116
30,8,24,0.004373177842565598,0.011444921316165951
52,19,12,0.02040816326530612,0.002861230329041488
46,11,19,0.008746355685131196,0.007868383404864092
29,17,20,0.01749271137026239,0.008583690987124463
21,19,30,0.02040816326530612,0.015736766809728183
44,19,13,0.02040816326530612,0.00357653791130186
15,9,27,0.0058309037900874635,0.013590844062947067
52,20,19,0.021865889212827987,0.007868383404864092
83,6,20,0.0014577259475218659,0.008583690987124463
50,8,11,0.004373177842565598,0.002145922746781116
48,19,19,0.02040816326530612,0.007868383404864092
42,10,23,0.007288629737609329,0.01072961373390558
66,16,20,0.016034985422740525,0.008583690987124463
85,7,28,0.0029154518950437317,0.01430615164520744
27,7,14,0.0029154518950437317,0.004291845493562232
21,17,10,0.01749271137026239,0.001430615164520744
26,5,25,0.0,0.012160228898426323
30,15,12,0.014577259475218658,0.002861230329041488
24,19,10,0.02040816326530612,0.001430615164520744
73,8,29,0.004373177842565598,0.015021459227467811
44,20,20,0.021865889212827987,0.008583690987124463
37,11,14,0.008746355685131196,0.004291845493562232
22,11,11,0.008746355685131196,0.002145922746781116
