VK,HT,FT,HT_normalized,FT_normalized,Injection
16,208,-1,0.13578595317725753,-1.0,0
77,112,144,0.07157190635451505,0.12162162162162163,0
65,128,112,0.0822742474916388,0.0945945945945946,0
82,288,80,0.18929765886287625,0.06756756756756757,0
73,80,288,0.05016722408026756,0.24324324324324326,0
65,112,128,0.07157190635451505,0.10810810810810811,0
71,144,80,0.09297658862876254,0.06756756756756757,0
69,144,80,0.09297658862876254,0.06756756756756757,0
32,112,64,0.07157190635451505,0.05405405405405406,0
73,80,560,0.05016722408026756,0.47297297297297297,0
83,80,96,0.05016722408026756,0.08108108108108109,0
32,48,128,0.028762541806020066,0.10810810810810811,0
65,112,352,0.07157190635451505,0.2972972972972973,0
32,112,144,0.07157190635451505,0.12162162162162163,0
83,80,208,0.05016722408026756,0.17567567567567569,0
65,112,304,0.07157190635451505,0.25675675675675674,0
67,78,240,0.04882943143812709,0.20270270270270271,0
82,144,192,0.09297658862876254,0.16216216216216217,0
69,112,80,0.07157190635451505,0.06756756756756757,0
68,128,192,0.0822742474916388,0.16216216216216217,0
32,112,48,0.07157190635451505,0.04054054054054054,0
72,144,176,0.09297658862876254,0.14864864864864866,0
85,112,96,0.07157190635451505,0.08108108108108109,0
77,96,224,0.06086956521739131,0.1891891891891892,0
65,96,128,0.06086956521739131,0.10810810810810811,0
78,128,96,0.0822742474916388,0.08108108108108109,0
32,112,96,0.07157190635451505,0.08108108108108109,0
67,96,176,0.06086956521739131,0.14864864864864866,0
69,144,128,0.09297658862876254,0.10810810810810811,0
82,128,80,0.0822742474916388,0.06756756756756757,0
79,112,80,0.07157190635451505,0.06756756756756757,0
8,64,816,0.03946488294314381,0.6891891891891891,0
69,80,144,0.05016722408026756,0.12162162162162163,0
77,64,560,0.03946488294314381,0.47297297297297297,0
79,112,176,0.07157190635451505,0.14864864864864866,0
78,80,80,0.05016722408026756,0.06756756756756757,0
89,128,176,0.0822742474916388,0.14864864864864866,0
32,112,112,0.07157190635451505,0.0945945945945946,0
66,112,128,0.07157190635451505,0.10810810810810811,0
69,96,96,0.06086956521739131,0.08108108108108109,0
84,144,48,0.09297658862876254,0.04054054054054054,0
87,112,144,0.07157190635451505,0.12162162162162163,0
69,288,64,0.18929765886287625,0.05405405405405406,0
78,112,288,0.07157190635451505,0.24324324324324326,0
32,96,112,0.06086956521739131,0.0945945945945946,0
65,144,48,0.09297658862876254,0.04054054054054054,0
32,96,128,0.06086956521739131,0.10810810810810811,0
77,96,112,0.06086956521739131,0.0945945945945946,0
65,96,96,0.06086956521739131,0.08108108108108109,0
78,112,96,0.07157190635451505,0.08108108108108109,0
32,80,368,0.05016722408026756,0.3108108108108108,0
65,112,96,0.07157190635451505,0.08108108108108109,0
78,114,97,0.07290969899665552,0.08192567567567567,0
68,77,114,0.048160535117056855,0.09628378378378379,0
32,96,77,0.06086956521739131,0.06503378378378379,0
87,80,304,0.05016722408026756,0.25675675675675674,0
79,128,64,0.0822742474916388,0.05405405405405406,0
77,80,64,0.05016722408026756,0.05405405405405406,0
65,112,112,0.07157190635451505,0.0945945945945946,0
78,80,80,0.05016722408026756,0.06756756756756757,0
190,96,176,0.06086956521739131,0.14864864864864866,0
32,96,64,0.06086956521739131,0.05405405405405406,0
16,96,128,0.06086956521739131,0.10810810810810811,0
84,128,80,0.0822742474916388,0.06756756756756757,0
72,112,80,0.07157190635451505,0.06756756756756757,0
69,112,112,0.07157190635451505,0.0945945945945946,0
32,64,48,0.03946488294314381,0.04054054054054054,0
66,80,112,0.05016722408026756,0.0945945945945946,0
73,128,96,0.0822742474916388,0.08108108108108109,0
66,128,96,0.0822742474916388,0.08108108108108109,0
76,128,192,0.0822742474916388,0.16216216216216217,0
69,112,96,0.07157190635451505,0.08108108108108109,0
32,112,80,0.07157190635451505,0.06756756756756757,0
67,112,176,0.07157190635451505,0.14864864864864866,0
76,112,128,0.07157190635451505,0.10810810810810811,0
69,112,112,0.07157190635451505,0.0945945945945946,0
65,112,112,0.07157190635451505,0.0945945945945946,0
82,144,48,0.09297658862876254,0.04054054054054054,0
76,128,64,0.0822742474916388,0.05405405405405406,0
89,131,96,0.08428093645484949,0.08108108108108109,0
32,112,96,0.07157190635451505,0.08108108108108109,0
83,112,288,0.07157190635451505,0.24324324324324326,0
84,128,80,0.0822742474916388,0.06756756756756757,0
65,80,128,0.05016722408026756,0.10810810810810811,0
84,112,80,0.07157190635451505,0.06756756756756757,0
69,160,80,0.10367892976588629,0.06756756756756757,0
83,128,128,0.0822742474916388,0.10810810810810811,0
32,80,96,0.05016722408026756,0.08108108108108109,0
72,112,160,0.07157190635451505,0.13513513513513514,0
79,112,112,0.07157190635451505,0.0945945945945946,0
87,112,80,0.07157190635451505,0.06756756756756757,0
32,80,112,0.05016722408026756,0.0945945945945946,0
65,112,128,0.07157190635451505,0.10810810810810811,0
32,64,48,0.03946488294314381,0.04054054054054054,0
77,80,128,0.05016722408026756,0.10810810810810811,0
65,96,112,0.06086956521739131,0.0945945945945946,0
78,96,80,0.06086956521739131,0.06756756756756757,0
32,96,96,0.06086956521739131,0.08108108108108109,0
83,128,128,0.0822742474916388,0.10810810810810811,0
72,80,48,0.05016722408026756,0.04054054054054054,0
79,128,48,0.0822742474916388,0.04054054054054054,0
85,112,64,0.07157190635451505,0.05405405405405406,0
76,112,176,0.07157190635451505,0.14864864864864866,0
68,128,16,0.0822742474916388,0.013513513513513514,0
32,79,129,0.049498327759197325,0.1089527027027027,0
78,128,79,0.0822742474916388,0.06672297297297297,0
79,96,384,0.06086956521739131,0.32432432432432434,0
84,128,96,0.0822742474916388,0.08108108108108109,0
32,80,64,0.05016722408026756,0.05405405405405406,0
76,144,96,0.09297658862876254,0.08108108108108109,0
73,112,80,0.07157190635451505,0.06756756756756757,0
69,64,112,0.03946488294314381,0.0945945945945946,0
32,80,80,0.05016722408026756,0.06756756756756757,0
87,112,80,0.07157190635451505,0.06756756756756757,0
73,80,80,0.05016722408026756,0.06756756756756757,0
84,112,112,0.07157190635451505,0.0945945945945946,0
72,96,48,0.06086956521739131,0.04054054054054054,0
32,96,80,0.06086956521739131,0.06756756756756757,0
65,128,80,0.0822742474916388,0.06756756756756757,0
78,80,64,0.05016722408026756,0.05405405405405406,0
79,128,48,0.0822742474916388,0.04054054054054054,0
84,96,112,0.06086956521739131,0.0945945945945946,0
72,96,64,0.06086956521739131,0.05405405405405406,0
69,112,80,0.07157190635451505,0.06756756756756757,0
82,144,48,0.09297658862876254,0.04054054054054054,0
32,96,32,0.06086956521739131,0.02702702702702703,0
77,80,336,0.05016722408026756,0.28378378378378377,0
65,112,96,0.07157190635451505,0.08108108108108109,0
78,96,96,0.06086956521739131,0.08108108108108109,0
32,64,96,0.03946488294314381,0.08108108108108109,0
79,128,80,0.0822742474916388,0.06756756756756757,0
82,112,112,0.07157190635451505,0.0945945945945946,0
32,80,64,0.05016722408026756,0.05405405405405406,0
73,96,128,0.06086956521739131,0.10810810810810811,0
84,96,96,0.06086956521739131,0.08108108108108109,0
32,64,96,0.03946488294314381,0.08108108108108109,0
73,80,1104,0.05016722408026756,0.9324324324324325,0
83,80,80,0.05016722408026756,0.06756756756756757,0
32,96,80,0.06086956521739131,0.06756756756756757,0
65,80,592,0.05016722408026756,0.5,0
78,128,64,0.0822742474916388,0.05405405405405406,0
32,112,96,0.07157190635451505,0.08108108108108109,0
65,128,368,0.0822742474916388,0.3108108108108108,0
66,80,64,0.05016722408026756,0.05405405405405406,0
79,112,128,0.07157190635451505,0.10810810810810811,0
77,80,208,0.05016722408026756,0.17567567567567569,0
73,128,160,0.0822742474916388,0.13513513513513514,0
78,113,48,0.07224080267558529,0.04054054054054054,0
65,110,114,0.07023411371237458,0.09628378378378379,0
84,112,78,0.07157190635451505,0.06587837837837837,0
73,112,64,0.07157190635451505,0.05405405405405406,0
79,128,80,0.0822742474916388,0.06756756756756757,0
78,96,128,0.06086956521739131,0.10810810810810811,0
8,1500,1184,1.0,1.0,0
65,112,-1,0.07157190635451505,-1.0,0
78,144,96,0.09297658862876254,0.08108108108108109,0
32,80,528,0.05016722408026756,0.44594594594594594,0
65,112,192,0.07157190635451505,0.16216216216216217,0
66,96,112,0.06086956521739131,0.0945945945945946,0
79,112,208,0.07157190635451505,0.17567567567567569,0
77,64,256,0.03946488294314381,0.21621621621621623,0
73,112,160,0.07157190635451505,0.13513513513513514,0
78,112,48,0.07157190635451505,0.04054054054054054,0
65,112,96,0.07157190635451505,0.08108108108108109,0
84,144,80,0.09297658862876254,0.06756756756756757,0
73,112,80,0.07157190635451505,0.06756756756756757,0
79,128,64,0.0822742474916388,0.05405405405405406,0
78,112,80,0.07157190635451505,0.06756756756756757,0
190,80,192,0.05016722408026756,0.16216216216216217,0
32,112,80,0.07157190635451505,0.06756756756756757,0
16,144,96,0.09297658862876254,0.08108108108108109,0
84,144,96,0.09297658862876254,0.08108108108108109,0
72,96,112,0.06086956521739131,0.0945945945945946,0
73,144,48,0.09297658862876254,0.04054054054054054,0
83,96,128,0.06086956521739131,0.10810810810810811,0
32,80,96,0.05016722408026756,0.08108108108108109,0
66,112,128,0.07157190635451505,0.10810810810810811,0
79,224,176,0.14648829431438126,0.14864864864864866,0
75,128,320,0.0822742474916388,0.2702702702702703,0
32,80,112,0.05016722408026756,0.0945945945945946,0
79,112,112,0.07157190635451505,0.0945945945945946,0
70,112,128,0.07157190635451505,0.10810810810810811,0
32,96,112,0.06086956521739131,0.0945945945945946,0
71,112,192,0.07157190635451505,0.16216216216216217,0
85,80,64,0.05016722408026756,0.05405405405405406,0
73,112,160,0.07157190635451505,0.13513513513513514,0
68,48,80,0.028762541806020066,0.06756756756756757,0
69,80,160,0.05016722408026756,0.13513513513513514,0
76,80,32,0.05016722408026756,0.02702702702702703,0
73,128,176,0.0822742474916388,0.14864864864864866,0
78,128,64,0.0822742474916388,0.05405405405405406,0
69,64,112,0.03946488294314381,0.0945945945945946,0
83,128,128,0.0822742474916388,0.10810810810810811,0
32,96,96,0.06086956521739131,0.08108108108108109,0
67,112,160,0.07157190635451505,0.13513513513513514,0
76,64,112,0.03946488294314381,0.0945945945945946,0
69,128,64,0.0822742474916388,0.05405405405405406,0
65,128,128,0.0822742474916388,0.10810810810810811,0
82,160,80,0.10367892976588629,0.06756756756756757,0
76,80,0,0.05016722408026756,0.0,0
89,128,160,0.0822742474916388,0.13513513513513514,0
32,80,96,0.05016722408026756,0.08108108108108109,0
83,112,96,0.07157190635451505,0.08108108108108109,0
84,176,96,0.11438127090301003,0.08108108108108109,0
65,176,192,0.11438127090301003,0.16216216216216217,0
84,176,144,0.11438127090301003,0.12162162162162163,0
69,160,96,0.10367892976588629,0.08108108108108109,0
83,128,160,0.0822742474916388,0.13513513513513514,0
188,112,112,0.07157190635451505,0.0945945945945946,0
32,112,80,0.07157190635451505,0.06756756756756757,0
8,272,352,0.17859531772575252,0.2972972972972973,0
32,128,336,0.0822742474916388,0.28378378378378377,0
73,144,96,0.09297658862876254,0.08108108108108109,0
84,128,128,0.0822742474916388,0.10810810810810811,0
188,112,240,0.07157190635451505,0.20270270270270271,0
32,96,80,0.06086956521739131,0.06756756756756757,0
84,96,160,0.06086956521739131,0.13513513513513514,0
72,128,48,0.0822742474916388,0.04054054054054054,0
69,48,112,0.028762541806020066,0.0945945945945946,0
82,160,32,0.10367892976588629,0.02702702702702703,0
69,112,112,0.07157190635451505,0.0945945945945946,0
32,112,48,0.07157190635451505,0.04054054054054054,0
83,112,160,0.07157190635451505,0.13513513513513514,0
72,112,48,0.07157190635451505,0.04054054054054054,0
79,112,96,0.07157190635451505,0.08108108108108109,0
85,112,32,0.07157190635451505,0.02702702702702703,0
76,112,176,0.07157190635451505,0.14864864864864866,0
68,112,96,0.07157190635451505,0.08108108108108109,0
32,96,64,0.06086956521739131,0.05405405405405406,0
66,112,128,0.07157190635451505,0.10810810810810811,0
69,112,96,0.07157190635451505,0.08108108108108109,0
32,112,80,0.07157190635451505,0.06756756756756757,0
78,96,176,0.06086956521739131,0.14864864864864866,0
79,160,96,0.10367892976588629,0.08108108108108109,0
32,112,112,0.07157190635451505,0.0945945945945946,0
81,80,144,0.05016722408026756,0.12162162162162163,0
85,128,80,0.0822742474916388,0.06756756756756757,0
69,256,192,0.16789297658862876,0.16216216216216217,0
83,112,160,0.07157190635451505,0.13513513513513514,0
84,128,64,0.0822742474916388,0.05405405405405406,0
73,177,63,0.11505016722408026,0.05320945945945946,0
79,127,65,0.08160535117056857,0.05489864864864865,0
78,96,80,0.06086956521739131,0.06756756756756757,0
73,144,160,0.09297658862876254,0.13513513513513514,0
78,112,80,0.07157190635451505,0.06756756756756757,0
71,112,64,0.07157190635451505,0.05405405405405406,0
32,96,144,0.06086956521739131,0.12162162162162163,0
79,128,112,0.0822742474916388,0.0945945945945946,0
70,96,80,0.06086956521739131,0.06756756756756757,0
32,96,80,0.06086956521739131,0.06756756756756757,0
73,96,96,0.06086956521739131,0.08108108108108109,0
84,128,96,0.0822742474916388,0.08108108108108109,0
190,128,128,0.0822742474916388,0.10810810810810811,0
32,128,64,0.0822742474916388,0.05405405405405406,0
16,208,240,0.13578595317725753,0.20270270270270271,0
79,128,96,0.0822742474916388,0.08108108108108109,0
78,112,192,0.07157190635451505,0.16216216216216217,0
69,80,176,0.05016722408026756,0.14864864864864866,0
32,64,96,0.03946488294314381,0.08108108108108109,0
79,112,112,0.07157190635451505,0.0945945945945946,0
70,48,112,0.028762541806020066,0.0945945945945946,0
32,80,32,0.05016722408026756,0.02702702702702703,0
84,160,128,0.10367892976588629,0.10810810810810811,0
72,112,48,0.07157190635451505,0.04054054054054054,0
69,96,96,0.06086956521739131,0.08108108108108109,0
32,80,48,0.05016722408026756,0.04054054054054054,0
79,112,112,0.07157190635451505,0.0945945945945946,0
84,128,80,0.0822742474916388,0.06756756756756757,0
72,80,128,0.05016722408026756,0.10810810810810811,0
69,113,111,0.07224080267558529,0.09375,0
82,144,65,0.09297658862876254,0.05489864864864865,0
32,96,80,0.06086956521739131,0.06756756756756757,0
73,96,128,0.06086956521739131,0.10810810810810811,0
83,304,96,0.2,0.08108108108108109,0
85,112,240,0.07157190635451505,0.20270270270270271,0
69,64,176,0.03946488294314381,0.14864864864864866,0
83,112,128,0.07157190635451505,0.10810810810810811,0
32,80,112,0.05016722408026756,0.0945945945945946,0
84,107,117,0.06822742474916388,0.09881756756756757,0
72,95,59,0.06020066889632107,0.04983108108108108,0
65,143,80,0.09230769230769231,0.06756756756756757,0
84,111,64,0.07090301003344482,0.05405405405405406,0
32,95,64,0.06020066889632107,0.05405405405405406,0
67,112,176,0.07157190635451505,0.14864864864864866,0
79,128,48,0.0822742474916388,0.04054054054054054,0
77,96,64,0.06086956521739131,0.05405405405405406,0
69,97,79,0.06153846153846154,0.06672297297297297,0
83,96,97,0.06086956521739131,0.08192567567567567,0
32,96,96,0.06086956521739131,0.08108108108108109,0
87,112,127,0.07157190635451505,0.10726351351351351,0
73,80,97,0.05016722408026756,0.08192567567567567,0
84,144,112,0.09297658862876254,0.0945945945945946,0
72,112,80,0.07157190635451505,0.06756756756756757,0
32,113,79,0.07224080267558529,0.06672297297297297,0
71,96,257,0.06086956521739131,0.2170608108108108,0
65,112,96,0.07157190635451505,0.08108108108108109,0
89,111,96,0.07090301003344482,0.08108108108108109,0
32,96,96,0.06086956521739131,0.08108108108108109,0
77,81,207,0.050836120401337795,0.17483108108108109,0
65,96,49,0.06086956521739131,0.041385135135135136,0
82,288,64,0.18929765886287625,0.05405405405405406,0
73,96,256,0.06086956521739131,0.21621621621621623,0
65,97,111,0.06153846153846154,0.09375,0
71,128,128,0.0822742474916388,0.10810810810810811,0
69,143,81,0.09230769230769231,0.06841216216216216,0
32,96,112,0.06086956521739131,0.0945945945945946,0
73,96,192,0.06086956521739131,0.16216216216216217,0
83,96,111,0.06086956521739131,0.09375,0
32,80,81,0.05016722408026756,0.06841216216216216,0
84,128,144,0.0822742474916388,0.12162162162162163,0
72,112,80,0.07157190635451505,0.06756756756756757,0
69,128,112,0.0822742474916388,0.0945945945945946,0
32,95,80,0.06020066889632107,0.06756756756756757,0
80,112,176,0.07157190635451505,0.14864864864864866,0
79,111,144,0.07090301003344482,0.12162162162162163,0
83,256,127,0.16789297658862876,0.10726351351351351,0
73,112,208,0.07157190635451505,0.17567567567567569,0
66,80,96,0.05016722408026756,0.08108108108108109,0
73,272,193,0.17859531772575252,0.16300675675675674,0
76,208,0,0.13578595317725753,0.0,0
73,80,928,0.05016722408026756,0.7837837837837838,0
84,113,95,0.07224080267558529,0.08023648648648649,0
89,127,113,0.08160535117056857,0.09543918918918919,0
32,95,112,0.06020066889632107,0.0945945945945946,0
79,112,160,0.07157190635451505,0.13513513513513514,0
70,96,112,0.06086956521739131,0.0945945945945946,0
32,111,64,0.07090301003344482,0.05405405405405406,0
65,113,143,0.07224080267558529,0.12077702702702703,0
68,239,113,0.1565217391304348,0.09543918918918919,0
8,192,560,0.12508361204013377,0.47297297297297297,0
79,64,655,0.03946488294314381,0.5532094594594594,0
8,32,496,0.018060200668896322,0.4189189189189189,0
68,97,96,0.06153846153846154,0.08108108108108109,0
79,79,97,0.049498327759197325,0.08192567567567567,0
80,127,160,0.08160535117056857,0.13513513513513514,0
84,79,320,0.049498327759197325,0.2702702702702703,0
73,144,63,0.09297658862876254,0.05320945945945946,0
78,96,80,0.06086956521739131,0.06756756756756757,0
71,127,97,0.08160535117056857,0.08192567567567567,0
32,111,96,0.07090301003344482,0.08108108108108109,0
67,113,223,0.07224080267558529,0.1883445945945946,0
72,112,48,0.07157190635451505,0.04054054054054054,0
73,112,65,0.07157190635451505,0.05489864864864865,0
76,145,159,0.09364548494983277,0.13429054054054054,0
68,79,145,0.049498327759197325,0.12246621621621621,0
82,178,191,0.1157190635451505,0.16131756756756757,0
69,128,80,0.0822742474916388,0.06756756756756757,0
78,96,64,0.06086956521739131,0.05405405405405406,0
190,112,160,0.07157190635451505,0.13513513513513514,0
32,112,80,0.07157190635451505,0.06756756756756757,0
16,273,128,0.17926421404682275,0.10810810810810811,0
75,127,161,0.08160535117056857,0.13597972972972974,0
73,111,256,0.07090301003344482,0.21621621621621623,0
68,95,112,0.06020066889632107,0.0945945945945946,0
83,127,96,0.08160535117056857,0.08108108108108109,0
32,112,175,0.07157190635451505,0.14780405405405406,0
71,80,176,0.05016722408026756,0.14864864864864866,0
82,112,176,0.07157190635451505,0.14864864864864866,0
79,112,32,0.07157190635451505,0.02702702702702703,0
87,112,176,0.07157190635451505,0.14864864864864866,0
85,98,96,0.06220735785953177,0.08108108108108109,0
78,128,64,0.0822742474916388,0.05405405405405406,0
32,65,192,0.04013377926421405,0.16216216216216217,0
8,368,528,0.24280936454849497,0.44594594594594594,0
73,144,544,0.09297658862876254,0.4594594594594595,0
78,96,112,0.06086956521739131,0.0945945945945946,0
71,112,48,0.07157190635451505,0.04054054054054054,0
32,63,113,0.03879598662207358,0.09543918918918919,0
85,192,111,0.12508361204013377,0.09375,0
80,144,144,0.09297658862876254,0.12162162162162163,0
32,127,81,0.08160535117056857,0.06841216216216216,0
78,96,191,0.06086956521739131,0.16131756756756757,0
69,256,112,0.16789297658862876,0.0945945945945946,0
68,80,368,0.05016722408026756,0.3108108108108108,0
32,80,64,0.05016722408026756,0.05405405405405406,0
84,128,128,0.0822742474916388,0.10810810810810811,0
79,96,64,0.06086956521739131,0.05405405405405406,0
32,96,48,0.06086956521739131,0.04054054054054054,0
72,128,112,0.0822742474916388,0.0945945945945946,0
65,160,64,0.10367892976588629,0.05405405405405406,0
86,128,96,0.0822742474916388,0.08108108108108109,0
69,127,65,0.08160535117056857,0.05489864864864865,0
32,96,79,0.06086956521739131,0.06672297297297297,0
66,128,112,0.0822742474916388,0.0945945945945946,0
79,128,112,0.0822742474916388,0.0945945945945946,0
84,128,112,0.0822742474916388,0.0945945945945946,0
72,112,112,0.07157190635451505,0.0945945945945946,0
69,112,128,0.07157190635451505,0.10810810810810811,0
32,96,160,0.06086956521739131,0.13513513513513514,0
8,272,736,0.17859531772575252,0.6216216216216216,0
32,112,273,0.07157190635451505,0.23057432432432431,0
65,111,80,0.07090301003344482,0.06756756756756757,0
32,64,127,0.03946488294314381,0.10726351351351351,0
77,64,352,0.03946488294314381,0.2972972972972973,0
79,64,144,0.03946488294314381,0.12162162162162163,0
84,96,80,0.06086956521739131,0.06756756756756757,0
72,79,97,0.049498327759197325,0.08192567567567567,0
69,111,80,0.07090301003344482,0.06756756756756757,0
82,112,63,0.07157190635451505,0.05320945945945946,0
32,79,49,0.049498327759197325,0.041385135135135136,0
65,96,143,0.06086956521739131,0.12077702702702703,0
78,112,64,0.07157190635451505,0.05405405405405406,0
68,95,113,0.06020066889632107,0.09543918918918919,0
32,80,127,0.05016722408026756,0.10726351351351351,0
70,112,144,0.07157190635451505,0.12162162162162163,0
65,111,113,0.07090301003344482,0.09543918918918919,0
84,111,112,0.07090301003344482,0.0945945945945946,0
72,96,95,0.06086956521739131,0.08023648648648649,0
69,175,17,0.11371237458193979,0.014358108108108109,0
82,112,111,0.07157190635451505,0.09375,0
32,96,48,0.06086956521739131,0.04054054054054054,0
79,127,97,0.08160535117056857,0.08192567567567567,0
70,112,95,0.07157190635451505,0.08023648648648649,0
32,80,128,0.05016722408026756,0.10810810810810811,0
68,96,208,0.06086956521739131,0.17567567567567569,0
73,80,80,0.05016722408026756,0.06756756756756757,0
70,272,160,0.17859531772575252,0.13513513513513514,0
69,64,368,0.03946488294314381,0.3108108108108108,0
82,112,32,0.07157190635451505,0.02702702702702703,0
69,112,144,0.07157190635451505,0.12162162162162163,0
78,96,144,0.06086956521739131,0.12162162162162163,0
84,110,130,0.07023411371237458,0.1097972972972973,0
32,96,158,0.06086956521739131,0.13344594594594594,0
69,79,97,0.049498327759197325,0.08192567567567567,0
83,128,191,0.0822742474916388,0.16131756756756757,0
69,128,64,0.0822742474916388,0.05405405405405406,0
88,94,274,0.05953177257525084,0.23141891891891891,0
69,96,206,0.06086956521739131,0.17398648648648649,0
83,112,112,0.07157190635451505,0.0945945945945946,0
32,64,80,0.03946488294314381,0.06756756756756757,0
79,96,160,0.06086956521739131,0.13513513513513514,0
82,112,80,0.07157190635451505,0.06756756756756757,0
32,80,64,0.05016722408026756,0.05405405405405406,0
69,112,144,0.07157190635451505,0.12162162162162163,0
76,95,113,0.06020066889632107,0.09543918918918919,0
83,128,111,0.0822742474916388,0.09375,0
69,128,64,0.0822742474916388,0.05405405405405406,0
32,80,112,0.05016722408026756,0.0945945945945946,0
73,96,144,0.06086956521739131,0.12162162162162163,0
84,112,112,0.07157190635451505,0.0945945945945946,0
32,95,113,0.06020066889632107,0.09543918918918919,0
67,128,463,0.0822742474916388,0.3910472972972973,0
79,128,96,0.0822742474916388,0.08108108108108109,0
85,114,48,0.07290969899665552,0.04054054054054054,0
76,96,224,0.06086956521739131,0.1891891891891892,0
68,96,80,0.06086956521739131,0.06756756756756757,0
32,80,64,0.05016722408026756,0.05405405405405406,0
66,96,144,0.06086956521739131,0.12162162162162163,0
69,96,80,0.06086956521739131,0.06756756756756757,0
32,100,97,0.06354515050167224,0.08192567567567567,0
68,96,223,0.06086956521739131,0.1883445945945946,0
69,96,288,0.06086956521739131,0.24324324324324326,0
84,96,160,0.06086956521739131,0.13513513513513514,0
82,96,192,0.06086956521739131,0.16216216216216217,0
73,80,768,0.05016722408026756,0.6486486486486487,0
77,80,192,0.05016722408026756,0.16216216216216217,0
69,79,97,0.049498327759197325,0.08192567567567567,0
78,96,111,0.06086956521739131,0.09375,0
84,63,97,0.03879598662207358,0.08192567567567567,0
65,128,95,0.0822742474916388,0.08023648648648649,0
76,128,64,0.0822742474916388,0.05405405405405406,0
32,111,65,0.07090301003344482,0.05489864864864865,0
84,128,127,0.0822742474916388,0.10726351351351351,0
79,112,96,0.07157190635451505,0.08108108108108109,0
32,80,80,0.05016722408026756,0.06756756756756757,0
84,111,81,0.07090301003344482,0.06841216216216216,0
72,128,79,0.0822742474916388,0.06672297297297297,0
69,112,144,0.07157190635451505,0.12162162162162163,0
73,96,144,0.06086956521739131,0.12162162162162163,0
82,112,128,0.07157190635451505,0.10810810810810811,0
32,112,80,0.07157190635451505,0.06756756756756757,0
80,80,304,0.05016722408026756,0.25675675675675674,0
83,128,112,0.0822742474916388,0.0945945945945946,0
89,96,160,0.06086956521739131,0.13513513513513514,0
67,80,160,0.05016722408026756,0.13513513513513514,0
72,79,81,0.049498327759197325,0.06841216216216216,0
69,112,111,0.07157190635451505,0.09375,0
190,112,144,0.07157190635451505,0.12162162162162163,0
32,111,113,0.07090301003344482,0.09543918918918919,0
16,192,143,0.12508361204013377,0.12077702702702703,0
73,112,64,0.07157190635451505,0.05405405405405406,0
77,80,224,0.05016722408026756,0.1891891891891892,0
65,110,114,0.07023411371237458,0.09628378378378379,0
71,112,62,0.07157190635451505,0.052364864864864864,0
73,127,113,0.08160535117056857,0.09543918918918919,0
78,112,79,0.07157190635451505,0.06672297297297297,0
69,128,80,0.0822742474916388,0.06756756756756757,0
32,96,160,0.06086956521739131,0.13513513513513514,0
73,80,160,0.05016722408026756,0.13513513513513514,0
84,96,96,0.06086956521739131,0.08108108108108109,0
188,80,144,0.05016722408026756,0.12162162162162163,0
32,80,64,0.05016722408026756,0.05405405405405406,0
71,64,240,0.03946488294314381,0.20270270270270271,0
82,112,176,0.07157190635451505,0.14864864864864866,0
79,76,84,0.04749163879598662,0.07094594594594594,0
87,112,140,0.07157190635451505,0.11824324324324324,0
73,128,96,0.0822742474916388,0.08108108108108109,0
78,144,80,0.09297658862876254,0.06756756756756757,0
71,112,224,0.07157190635451505,0.1891891891891892,0
32,64,176,0.03946488294314381,0.14864864864864866,0
85,128,144,0.0822742474916388,0.12162162162162163,0
80,112,144,0.07157190635451505,0.12162162162162163,0
32,111,113,0.07090301003344482,0.09543918918918919,0
87,111,112,0.07090301003344482,0.0945945945945946,0
73,80,127,0.05016722408026756,0.10726351351351351,0
84,96,112,0.06086956521739131,0.0945945945945946,0
72,113,80,0.07224080267558529,0.06756756756756757,0
32,129,64,0.08294314381270904,0.05405405405405406,0
84,128,96,0.0822742474916388,0.08108108108108109,0
87,143,129,0.09230769230769231,0.1089527027027027,0
79,144,95,0.09297658862876254,0.08023648648648649,0
32,96,128,0.06086956521739131,0.10810810810810811,0
70,96,272,0.06086956521739131,0.22972972972972974,0
65,96,208,0.06086956521739131,0.17567567567567569,0
84,112,80,0.07157190635451505,0.06756756756756757,0
72,96,96,0.06086956521739131,0.08108108108108109,0
69,112,97,0.07157190635451505,0.08192567567567567,0
82,128,47,0.0822742474916388,0.03969594594594594,0
83,112,240,0.07157190635451505,0.20270270270270271,0
188,96,128,0.06086956521739131,0.10810810810810811,0
32,96,64,0.06086956521739131,0.05405405405405406,0
79,112,160,0.07157190635451505,0.13513513513513514,0
82,128,64,0.0822742474916388,0.05405405405405406,0
32,96,224,0.06086956521739131,0.1891891891891892,0
84,112,144,0.07157190635451505,0.12162162162162163,0
87,159,113,0.10301003344481606,0.09543918918918919,0
79,128,111,0.0822742474916388,0.09375,0
32,95,81,0.06020066889632107,0.06841216216216216,0
77,48,159,0.028762541806020066,0.13429054054054054,0
79,128,64,0.0822742474916388,0.05405405405405406,0
84,112,304,0.07157190635451505,0.25675675675675674,0
72,95,1,0.06020066889632107,0.0008445945945945946,0
69,127,688,0.08160535117056857,0.581081081081081,0
82,128,63,0.0822742474916388,0.05320945945945946,0
83,128,192,0.0822742474916388,0.16216216216216217,0
190,112,96,0.07157190635451505,0.08108108108108109,0
32,112,64,0.07157190635451505,0.05405405405405406,0
16,224,176,0.14648829431438126,0.14864864864864866,0
89,144,160,0.09297658862876254,0.13513513513513514,0
79,128,128,0.0822742474916388,0.10810810810810811,0
85,112,80,0.07157190635451505,0.06756756756756757,0
32,80,96,0.05016722408026756,0.08108108108108109,0
87,112,464,0.07157190635451505,0.3918918918918919,0
79,112,64,0.07157190635451505,0.05405405405405406,0
85,64,80,0.03946488294314381,0.06756756756756757,0
76,129,128,0.08294314381270904,0.10810810810810811,0
68,80,96,0.05016722408026756,0.08108108108108109,0
32,80,96,0.05016722408026756,0.08108108108108109,0
67,112,96,0.07157190635451505,0.08108108108108109,0
76,63,113,0.03879598662207358,0.09543918918918919,0
69,128,95,0.0822742474916388,0.08023648648648649,0
65,128,144,0.0822742474916388,0.12162162162162163,0
76,96,64,0.06086956521739131,0.05405405405405406,0
82,111,33,0.07090301003344482,0.02787162162162162,0
89,144,79,0.09297658862876254,0.06672297297297297,0
32,128,96,0.0822742474916388,0.08108108108108109,0
8,480,544,0.3177257525083612,0.4594594594594595,0
82,128,768,0.0822742474916388,0.6486486486486487,0
76,96,64,0.06086956521739131,0.05405405405405406,0
89,96,160,0.06086956521739131,0.13513513513513514,0
32,96,64,0.06086956521739131,0.05405405405405406,0
78,112,160,0.07157190635451505,0.13513513513513514,0
79,112,80,0.07157190635451505,0.06756756756756757,0
84,96,80,0.06086956521739131,0.06756756756756757,0
32,63,97,0.03879598662207358,0.08192567567567567,0
66,112,143,0.07157190635451505,0.12077702702702703,0
69,128,176,0.0822742474916388,0.14864864864864866,0
32,47,129,0.028093645484949834,0.1089527027027027,0
84,128,79,0.0822742474916388,0.06672297297297297,0
72,80,80,0.05016722408026756,0.06756756756756757,0
69,96,112,0.06086956521739131,0.0945945945945946,0
32,96,112,0.06086956521739131,0.0945945945945946,0
83,80,112,0.05016722408026756,0.0945945945945946,0
65,112,112,0.07157190635451505,0.0945945945945946,0
77,96,80,0.06086956521739131,0.06756756756756757,0
69,80,144,0.05016722408026756,0.12162162162162163,0
32,80,32,0.05016722408026756,0.02702702702702703,0
80,112,208,0.07157190635451505,0.17567567567567569,0
69,128,128,0.0822742474916388,0.10810810810810811,0
82,128,64,0.0822742474916388,0.05405405405405406,0
83,144,208,0.09297658862876254,0.17567567567567569,0
79,112,64,0.07157190635451505,0.05405405405405406,0
78,144,48,0.09297658862876254,0.04054054054054054,0
32,96,96,0.06086956521739131,0.08108108108108109,0
89,128,112,0.0822742474916388,0.0945945945945946,0
79,128,80,0.0822742474916388,0.06756756756756757,0
85,111,49,0.07090301003344482,0.041385135135135136,0
32,79,80,0.049498327759197325,0.06756756756756757,0
65,111,32,0.07090301003344482,0.02702702702702703,0
82,194,63,0.12642140468227425,0.05320945945945946,0
69,144,80,0.09297658862876254,0.06756756756756757,0
32,48,64,0.028762541806020066,0.05405405405405406,0
78,143,1,0.09230769230769231,0.0008445945945945946,0
79,112,95,0.07157190635451505,0.08023648648648649,0
87,127,113,0.08160535117056857,0.09543918918918919,0
190,96,271,0.06086956521739131,0.22888513513513514,0
82,10,17,0.0033444816053511705,0.014358108108108109,1
25,11,23,0.004013377926421404,0.019425675675675675,1
80,9,27,0.0026755852842809363,0.022804054054054054,1
27,14,15,0.006020066889632107,0.01266891891891892,1
63,13,25,0.005351170568561873,0.021114864864864864,1
86,5,19,0.0,0.016047297297297296,1
69,5,28,0.0,0.02364864864864865,1
20,7,21,0.0013377926421404682,0.017736486486486486,1
81,6,21,0.0006688963210702341,0.017736486486486486,1
89,17,26,0.008026755852842809,0.02195945945945946,1
89,9,29,0.0026755852842809363,0.024493243243243243,1
86,19,29,0.009364548494983277,0.024493243243243243,1
18,13,18,0.005351170568561873,0.015202702702702704,1
20,6,18,0.0006688963210702341,0.015202702702702704,1
26,13,25,0.005351170568561873,0.021114864864864864,1
63,14,17,0.006020066889632107,0.014358108108108109,1
64,6,18,0.0006688963210702341,0.015202702702702704,1
71,5,27,0.0,0.022804054054054054,1
41,10,30,0.0033444816053511705,0.02533783783783784,1
71,6,25,0.0006688963210702341,0.021114864864864864,1
38,11,19,0.004013377926421404,0.016047297297297296,1
82,9,17,0.0026755852842809363,0.014358108108108109,1
55,5,29,0.0,0.024493243243243243,1
43,16,30,0.007357859531772575,0.02533783783783784,1
57,15,10,0.006688963210702341,0.008445945945945946,1
47,9,19,0.0026755852842809363,0.016047297297297296,1
15,13,14,0.005351170568561873,0.011824324324324325,1
46,13,27,0.005351170568561873,0.022804054054054054,1
81,10,17,0.0033444816053511705,0.014358108108108109,1
63,5,20,0.0,0.016891891891891893,1
65,8,22,0.002006688963210702,0.018581081081081082,1
73,13,26,0.005351170568561873,0.02195945945945946,1
65,10,13,0.0033444816053511705,0.01097972972972973,1
19,11,25,0.004013377926421404,0.021114864864864864,1
45,15,19,0.006688963210702341,0.016047297297297296,1
24,13,12,0.005351170568561873,0.010135135135135136,1
18,6,13,0.0006688963210702341,0.01097972972972973,1
72,14,23,0.006020066889632107,0.019425675675675675,1
81,16,26,0.007357859531772575,0.02195945945945946,1
88,9,26,0.0026755852842809363,0.02195945945945946,1
48,12,27,0.0046822742474916385,0.022804054054054054,1
31,10,13,0.0033444816053511705,0.01097972972972973,1
78,18,24,0.008695652173913044,0.02027027027027027,1
75,7,18,0.0013377926421404682,0.015202702702702704,1
70,11,13,0.004013377926421404,0.01097972972972973,1
39,10,29,0.0033444816053511705,0.024493243243243243,1
66,9,14,0.0026755852842809363,0.011824324324324325,1
42,18,21,0.008695652173913044,0.017736486486486486,1
54,16,10,0.007357859531772575,0.008445945945945946,1
18,15,13,0.006688963210702341,0.01097972972972973,1
29,20,27,0.010033444816053512,0.022804054054054054,1
64,12,27,0.0046822742474916385,0.022804054054054054,1
49,13,11,0.005351170568561873,0.009290540540540541,1
88,20,16,0.010033444816053512,0.013513513513513514,1
47,10,27,0.0033444816053511705,0.022804054054054054,1
21,19,28,0.009364548494983277,0.02364864864864865,1
39,6,28,0.0006688963210702341,0.02364864864864865,1
34,17,15,0.008026755852842809,0.01266891891891892,1
36,8,15,0.002006688963210702,0.01266891891891892,1
23,13,12,0.005351170568561873,0.010135135135135136,1
19,11,22,0.004013377926421404,0.018581081081081082,1
76,5,29,0.0,0.024493243243243243,1
69,13,20,0.005351170568561873,0.016891891891891893,1
65,15,17,0.006688963210702341,0.014358108108108109,1
14,19,22,0.009364548494983277,0.018581081081081082,1
59,16,20,0.007357859531772575,0.016891891891891893,1
77,20,12,0.010033444816053512,0.010135135135135136,1
55,12,27,0.0046822742474916385,0.022804054054054054,1
71,20,19,0.010033444816053512,0.016047297297297296,1
47,20,13,0.010033444816053512,0.01097972972972973,1
84,8,18,0.002006688963210702,0.015202702702702704,1
36,6,10,0.0006688963210702341,0.008445945945945946,1
63,5,28,0.0,0.02364864864864865,1
71,18,17,0.008695652173913044,0.014358108108108109,1
69,13,23,0.005351170568561873,0.019425675675675675,1
79,17,13,0.008026755852842809,0.01097972972972973,1
80,20,12,0.010033444816053512,0.010135135135135136,1
68,14,28,0.006020066889632107,0.02364864864864865,1
39,16,19,0.007357859531772575,0.016047297297297296,1
25,8,15,0.002006688963210702,0.01266891891891892,1
59,7,14,0.0013377926421404682,0.011824324324324325,1
26,20,21,0.010033444816053512,0.017736486486486486,1
28,11,13,0.004013377926421404,0.01097972972972973,1
50,5,23,0.0,0.019425675675675675,1
88,6,10,0.0006688963210702341,0.008445945945945946,1
21,10,26,0.0033444816053511705,0.02195945945945946,1
78,15,19,0.006688963210702341,0.016047297297297296,1
38,15,15,0.006688963210702341,0.01266891891891892,1
14,16,19,0.007357859531772575,0.016047297297297296,1
88,18,15,0.008695652173913044,0.01266891891891892,1
60,19,28,0.009364548494983277,0.02364864864864865,1
41,20,16,0.010033444816053512,0.013513513513513514,1
79,16,19,0.007357859531772575,0.016047297297297296,1
69,11,24,0.004013377926421404,0.02027027027027027,1
71,20,15,0.010033444816053512,0.01266891891891892,1
54,19,17,0.009364548494983277,0.014358108108108109,1
18,11,26,0.004013377926421404,0.02195945945945946,1
18,14,14,0.006020066889632107,0.011824324324324325,1
20,19,18,0.009364548494983277,0.015202702702702704,1
51,16,25,0.007357859531772575,0.021114864864864864,1
83,14,21,0.006020066889632107,0.017736486486486486,1
21,15,13,0.006688963210702341,0.01097972972972973,1
65,19,26,0.009364548494983277,0.02195945945945946,1
77,9,21,0.0026755852842809363,0.017736486486486486,1
34,11,29,0.004013377926421404,0.024493243243243243,1
20,19,19,0.009364548494983277,0.016047297297297296,1
60,5,21,0.0,0.017736486486486486,1
57,15,18,0.006688963210702341,0.015202702702702704,1
46,6,20,0.0006688963210702341,0.016891891891891893,1
45,19,19,0.009364548494983277,0.016047297297297296,1
27,20,10,0.010033444816053512,0.008445945945945946,1
41,14,12,0.006020066889632107,0.010135135135135136,1
83,20,14,0.010033444816053512,0.011824324324324325,1
34,14,17,0.006020066889632107,0.014358108108108109,1
40,19,27,0.009364548494983277,0.022804054054054054,1
23,5,29,0.0,0.024493243243243243,1
26,12,14,0.0046822742474916385,0.011824324324324325,1
52,9,22,0.0026755852842809363,0.018581081081081082,1
58,5,16,0.0,0.013513513513513514,1
41,14,21,0.006020066889632107,0.017736486486486486,1
73,11,17,0.004013377926421404,0.014358108108108109,1
49,13,19,0.005351170568561873,0.016047297297297296,1
31,10,11,0.0033444816053511705,0.009290540540540541,1
19,19,24,0.009364548494983277,0.02027027027027027,1
85,18,27,0.008695652173913044,0.022804054054054054,1
20,20,27,0.010033444816053512,0.022804054054054054,1
74,20,29,0.010033444816053512,0.024493243243243243,1
53,18,21,0.008695652173913044,0.017736486486486486,1
66,13,17,0.005351170568561873,0.014358108108108109,1
50,14,24,0.006020066889632107,0.02027027027027027,1
50,7,30,0.0013377926421404682,0.02533783783783784,1
67,9,25,0.0026755852842809363,0.021114864864864864,1
31,9,13,0.0026755852842809363,0.01097972972972973,1
56,13,28,0.005351170568561873,0.02364864864864865,1
15,14,16,0.006020066889632107,0.013513513513513514,1
75,9,18,0.0026755852842809363,0.015202702702702704,1
61,16,13,0.007357859531772575,0.01097972972972973,1
18,10,23,0.0033444816053511705,0.019425675675675675,1
57,6,13,0.0006688963210702341,0.01097972972972973,1
49,19,21,0.009364548494983277,0.017736486486486486,1
73,8,11,0.002006688963210702,0.009290540540540541,1
61,8,25,0.002006688963210702,0.021114864864864864,1
78,13,29,0.005351170568561873,0.024493243243243243,1
63,13,18,0.005351170568561873,0.015202702702702704,1
14,13,23,0.005351170568561873,0.019425675675675675,1
58,11,20,0.004013377926421404,0.016891891891891893,1
29,5,19,0.0,0.016047297297297296,1
79,10,11,0.0033444816053511705,0.009290540540540541,1
63,19,28,0.009364548494983277,0.02364864864864865,1
86,17,13,0.008026755852842809,0.01097972972972973,1
89,5,22,0.0,0.018581081081081082,1
87,10,20,0.0033444816053511705,0.016891891891891893,1
58,9,29,0.0026755852842809363,0.024493243243243243,1
29,7,23,0.0013377926421404682,0.019425675675675675,1
35,17,27,0.008026755852842809,0.022804054054054054,1
52,9,20,0.0026755852842809363,0.016891891891891893,1
49,7,13,0.0013377926421404682,0.01097972972972973,1
35,8,22,0.002006688963210702,0.018581081081081082,1
40,10,10,0.0033444816053511705,0.008445945945945946,1
31,9,18,0.0026755852842809363,0.015202702702702704,1
71,17,29,0.008026755852842809,0.024493243243243243,1
76,18,26,0.008695652173913044,0.02195945945945946,1
52,17,29,0.008026755852842809,0.024493243243243243,1
68,5,14,0.0,0.011824324324324325,1
89,14,21,0.006020066889632107,0.017736486486486486,1
37,10,21,0.0033444816053511705,0.017736486486486486,1
25,17,23,0.008026755852842809,0.019425675675675675,1
21,8,10,0.002006688963210702,0.008445945945945946,1
37,12,23,0.0046822742474916385,0.019425675675675675,1
80,20,26,0.010033444816053512,0.02195945945945946,1
82,5,29,0.0,0.024493243243243243,1
68,20,17,0.010033444816053512,0.014358108108108109,1
27,13,28,0.005351170568561873,0.02364864864864865,1
89,10,29,0.0033444816053511705,0.024493243243243243,1
37,9,21,0.0026755852842809363,0.017736486486486486,1
85,16,26,0.007357859531772575,0.02195945945945946,1
88,10,20,0.0033444816053511705,0.016891891891891893,1
86,12,23,0.0046822742474916385,0.019425675675675675,1
36,16,16,0.007357859531772575,0.013513513513513514,1
78,11,16,0.004013377926421404,0.013513513513513514,1
35,5,21,0.0,0.017736486486486486,1
46,12,21,0.0046822742474916385,0.017736486486486486,1
49,15,17,0.006688963210702341,0.014358108108108109,1
90,12,11,0.0046822742474916385,0.009290540540540541,1
49,14,12,0.006020066889632107,0.010135135135135136,1
40,10,25,0.0033444816053511705,0.021114864864864864,1
85,6,15,0.0006688963210702341,0.01266891891891892,1
31,18,13,0.008695652173913044,0.01097972972972973,1
43,13,19,0.005351170568561873,0.016047297297297296,1
56,11,12,0.004013377926421404,0.010135135135135136,1
42,20,15,0.010033444816053512,0.01266891891891892,1
54,10,18,0.0033444816053511705,0.015202702702702704,1
67,15,30,0.006688963210702341,0.02533783783783784,1
53,6,19,0.0006688963210702341,0.016047297297297296,1
17,16,13,0.007357859531772575,0.01097972972972973,1
44,20,29,0.010033444816053512,0.024493243243243243,1
47,5,27,0.0,0.022804054054054054,1
65,6,20,0.0006688963210702341,0.016891891891891893,1
62,17,19,0.008026755852842809,0.016047297297297296,1
71,20,15,0.010033444816053512,0.01266891891891892,1
62,17,26,0.008026755852842809,0.02195945945945946,1
57,5,27,0.0,0.022804054054054054,1
47,19,16,0.009364548494983277,0.013513513513513514,1
41,13,23,0.005351170568561873,0.019425675675675675,1
40,17,25,0.008026755852842809,0.021114864864864864,1
85,9,19,0.0026755852842809363,0.016047297297297296,1
15,15,21,0.006688963210702341,0.017736486486486486,1
75,13,22,0.005351170568561873,0.018581081081081082,1
30,9,17,0.0026755852842809363,0.014358108108108109,1
72,20,13,0.010033444816053512,0.01097972972972973,1
39,5,27,0.0,0.022804054054054054,1
62,20,11,0.010033444816053512,0.009290540540540541,1
46,14,29,0.006020066889632107,0.024493243243243243,1
82,15,18,0.006688963210702341,0.015202702702702704,1
68,14,12,0.006020066889632107,0.010135135135135136,1
59,17,17,0.008026755852842809,0.014358108108108109,1
76,17,25,0.008026755852842809,0.021114864864864864,1
62,19,14,0.009364548494983277,0.011824324324324325,1
73,13,24,0.005351170568561873,0.02027027027027027,1
53,12,11,0.0046822742474916385,0.009290540540540541,1
73,19,14,0.009364548494983277,0.011824324324324325,1
81,9,19,0.0026755852842809363,0.016047297297297296,1
25,12,20,0.0046822742474916385,0.016891891891891893,1
22,11,29,0.004013377926421404,0.024493243243243243,1
71,5,23,0.0,0.019425675675675675,1
63,8,11,0.002006688963210702,0.009290540540540541,1
37,14,21,0.006020066889632107,0.017736486486486486,1
41,6,24,0.0006688963210702341,0.02027027027027027,1
60,18,11,0.008695652173913044,0.009290540540540541,1
89,20,24,0.010033444816053512,0.02027027027027027,1
77,20,26,0.010033444816053512,0.02195945945945946,1
20,5,12,0.0,0.010135135135135136,1
13,16,13,0.007357859531772575,0.01097972972972973,1
30,8,19,0.002006688963210702,0.016047297297297296,1
74,12,22,0.0046822742474916385,0.018581081081081082,1
79,12,13,0.0046822742474916385,0.01097972972972973,1
53,7,12,0.0013377926421404682,0.010135135135135136,1
76,19,17,0.009364548494983277,0.014358108108108109,1
79,8,24,0.002006688963210702,0.02027027027027027,1
49,18,20,0.008695652173913044,0.016891891891891893,1
25,15,18,0.006688963210702341,0.015202702702702704,1
53,10,21,0.0033444816053511705,0.017736486486486486,1
87,19,25,0.009364548494983277,0.021114864864864864,1
34,5,23,0.0,0.019425675675675675,1
62,9,27,0.0026755852842809363,0.022804054054054054,1
53,18,23,0.008695652173913044,0.019425675675675675,1
51,11,13,0.004013377926421404,0.01097972972972973,1
55,8,18,0.002006688963210702,0.015202702702702704,1
39,10,28,0.0033444816053511705,0.02364864864864865,1
32,14,17,0.006020066889632107,0.014358108108108109,1
69,15,12,0.006688963210702341,0.010135135135135136,1
40,12,16,0.0046822742474916385,0.013513513513513514,1
77,7,21,0.0013377926421404682,0.017736486486486486,1
78,8,27,0.002006688963210702,0.022804054054054054,1
24,20,25,0.010033444816053512,0.021114864864864864,1
58,7,24,0.0013377926421404682,0.02027027027027027,1
83,13,13,0.005351170568561873,0.01097972972972973,1
81,5,26,0.0,0.02195945945945946,1
53,14,20,0.006020066889632107,0.016891891891891893,1
73,5,17,0.0,0.014358108108108109,1
72,6,13,0.0006688963210702341,0.01097972972972973,1
15,12,16,0.0046822742474916385,0.013513513513513514,1
19,8,13,0.002006688963210702,0.01097972972972973,1
48,12,29,0.0046822742474916385,0.024493243243243243,1
29,12,13,0.0046822742474916385,0.01097972972972973,1
62,16,11,0.007357859531772575,0.009290540540540541,1
54,16,30,0.007357859531772575,0.02533783783783784,1
14,15,15,0.006688963210702341,0.01266891891891892,1
36,10,21,0.0033444816053511705,0.017736486486486486,1
50,19,11,0.009364548494983277,0.009290540540540541,1
21,16,16,0.007357859531772575,0.013513513513513514,1
47,11,20,0.004013377926421404,0.016891891891891893,1
44,16,18,0.007357859531772575,0.015202702702702704,1
60,11,15,0.004013377926421404,0.01266891891891892,1
87,7,18,0.0013377926421404682,0.015202702702702704,1
46,11,26,0.004013377926421404,0.02195945945945946,1
22,5,11,0.0,0.009290540540540541,1
73,18,12,0.008695652173913044,0.010135135135135136,1
72,7,26,0.0013377926421404682,0.02195945945945946,1
90,14,30,0.006020066889632107,0.02533783783783784,1
47,6,21,0.0006688963210702341,0.017736486486486486,1
71,14,18,0.006020066889632107,0.015202702702702704,1
43,12,12,0.0046822742474916385,0.010135135135135136,1
90,11,17,0.004013377926421404,0.014358108108108109,1
22,14,21,0.006020066889632107,0.017736486486486486,1
61,19,14,0.009364548494983277,0.011824324324324325,1
47,18,10,0.008695652173913044,0.008445945945945946,1
44,5,20,0.0,0.016891891891891893,1
48,8,11,0.002006688963210702,0.009290540540540541,1
15,19,24,0.009364548494983277,0.02027027027027027,1
46,6,18,0.0006688963210702341,0.015202702702702704,1
42,20,22,0.010033444816053512,0.018581081081081082,1
61,10,14,0.0033444816053511705,0.011824324324324325,1
20,18,21,0.008695652173913044,0.017736486486486486,1
68,16,19,0.007357859531772575,0.016047297297297296,1
22,20,15,0.010033444816053512,0.01266891891891892,1
57,19,13,0.009364548494983277,0.01097972972972973,1
23,5,28,0.0,0.02364864864864865,1
64,11,18,0.004013377926421404,0.015202702702702704,1
74,12,24,0.0046822742474916385,0.02027027027027027,1
78,6,10,0.0006688963210702341,0.008445945945945946,1
47,20,16,0.010033444816053512,0.013513513513513514,1
37,5,20,0.0,0.016891891891891893,1
79,10,16,0.0033444816053511705,0.013513513513513514,1
69,17,21,0.008026755852842809,0.017736486486486486,1
24,12,21,0.0046822742474916385,0.017736486486486486,1
83,17,16,0.008026755852842809,0.013513513513513514,1
25,5,26,0.0,0.02195945945945946,1
55,5,15,0.0,0.01266891891891892,1
78,14,15,0.006020066889632107,0.01266891891891892,1
72,10,18,0.0033444816053511705,0.015202702702702704,1
90,6,10,0.0006688963210702341,0.008445945945945946,1
53,9,12,0.0026755852842809363,0.010135135135135136,1
83,8,20,0.002006688963210702,0.016891891891891893,1
51,18,10,0.008695652173913044,0.008445945945945946,1
16,11,30,0.004013377926421404,0.02533783783783784,1
49,5,11,0.0,0.009290540540540541,1
87,17,12,0.008026755852842809,0.010135135135135136,1
46,13,20,0.005351170568561873,0.016891891891891893,1
75,16,10,0.007357859531772575,0.008445945945945946,1
68,17,28,0.008026755852842809,0.02364864864864865,1
14,20,14,0.010033444816053512,0.011824324324324325,1
82,20,25,0.010033444816053512,0.021114864864864864,1
16,20,16,0.010033444816053512,0.013513513513513514,1
34,11,13,0.004013377926421404,0.01097972972972973,1
18,16,17,0.007357859531772575,0.014358108108108109,1
84,9,22,0.0026755852842809363,0.018581081081081082,1
52,7,12,0.0013377926421404682,0.010135135135135136,1
46,6,24,0.0006688963210702341,0.02027027027027027,1
57,11,20,0.004013377926421404,0.016891891891891893,1
51,16,18,0.007357859531772575,0.015202702702702704,1
67,12,11,0.0046822742474916385,0.009290540540540541,1
56,13,27,0.005351170568561873,0.022804054054054054,1
47,5,17,0.0,0.014358108108108109,1
78,6,12,0.0006688963210702341,0.010135135135135136,1
86,10,28,0.0033444816053511705,0.02364864864864865,1
57,5,23,0.0,0.019425675675675675,1
45,17,18,0.008026755852842809,0.015202702702702704,1
38,13,17,0.005351170568561873,0.014358108108108109,1
20,14,16,0.006020066889632107,0.013513513513513514,1
57,19,12,0.009364548494983277,0.010135135135135136,1
21,19,23,0.009364548494983277,0.019425675675675675,1
85,16,22,0.007357859531772575,0.018581081081081082,1
46,13,26,0.005351170568561873,0.02195945945945946,1
76,8,12,0.002006688963210702,0.010135135135135136,1
50,16,13,0.007357859531772575,0.01097972972972973,1
52,6,12,0.0006688963210702341,0.010135135135135136,1
21,17,24,0.008026755852842809,0.02027027027027027,1
39,6,27,0.0006688963210702341,0.022804054054054054,1
51,20,24,0.010033444816053512,0.02027027027027027,1
30,18,27,0.008695652173913044,0.022804054054054054,1
68,9,15,0.0026755852842809363,0.01266891891891892,1
42,11,28,0.004013377926421404,0.02364864864864865,1
76,12,28,0.0046822742474916385,0.02364864864864865,1
90,16,10,0.007357859531772575,0.008445945945945946,1
57,20,18,0.010033444816053512,0.015202702702702704,1
29,14,13,0.006020066889632107,0.01097972972972973,1
79,20,29,0.010033444816053512,0.024493243243243243,1
34,15,23,0.006688963210702341,0.019425675675675675,1
68,11,28,0.004013377926421404,0.02364864864864865,1
48,9,25,0.0026755852842809363,0.021114864864864864,1
61,11,24,0.004013377926421404,0.02027027027027027,1
29,7,30,0.0013377926421404682,0.02533783783783784,1
35,10,16,0.0033444816053511705,0.013513513513513514,1
89,18,18,0.008695652173913044,0.015202702702702704,1
16,20,18,0.010033444816053512,0.015202702702702704,1
16,6,16,0.0006688963210702341,0.013513513513513514,1
25,17,20,0.008026755852842809,0.016891891891891893,1
70,9,20,0.0026755852842809363,0.016891891891891893,1
20,19,24,0.009364548494983277,0.02027027027027027,1
31,16,17,0.007357859531772575,0.014358108108108109,1
86,15,13,0.006688963210702341,0.01097972972972973,1
76,6,10,0.0006688963210702341,0.008445945945945946,1
22,6,11,0.0006688963210702341,0.009290540540540541,1
32,14,26,0.006020066889632107,0.02195945945945946,1
86,14,23,0.006020066889632107,0.019425675675675675,1
47,7,16,0.0013377926421404682,0.013513513513513514,1
65,9,20,0.0026755852842809363,0.016891891891891893,1
64,15,22,0.006688963210702341,0.018581081081081082,1
30,11,13,0.004013377926421404,0.01097972972972973,1
34,13,29,0.005351170568561873,0.024493243243243243,1
15,17,30,0.008026755852842809,0.02533783783783784,1
70,18,24,0.008695652173913044,0.02027027027027027,1
13,20,18,0.010033444816053512,0.015202702702702704,1
55,9,15,0.0026755852842809363,0.01266891891891892,1
16,9,11,0.0026755852842809363,0.009290540540540541,1
14,6,13,0.0006688963210702341,0.01097972972972973,1
23,14,26,0.006020066889632107,0.02195945945945946,1
45,18,22,0.008695652173913044,0.018581081081081082,1
68,15,24,0.006688963210702341,0.02027027027027027,1
69,16,10,0.007357859531772575,0.008445945945945946,1
66,9,11,0.0026755852842809363,0.009290540540540541,1
18,14,19,0.006020066889632107,0.016047297297297296,1
71,19,29,0.009364548494983277,0.024493243243243243,1
47,8,23,0.002006688963210702,0.019425675675675675,1
70,6,28,0.0006688963210702341,0.02364864864864865,1
45,19,28,0.009364548494983277,0.02364864864864865,1
38,9,29,0.0026755852842809363,0.024493243243243243,1
77,8,28,0.002006688963210702,0.02364864864864865,1
63,19,13,0.009364548494983277,0.01097972972972973,1
33,10,21,0.0033444816053511705,0.017736486486486486,1
61,15,12,0.006688963210702341,0.010135135135135136,1
80,18,23,0.008695652173913044,0.019425675675675675,1
58,9,24,0.0026755852842809363,0.02027027027027027,1
20,13,19,0.005351170568561873,0.016047297297297296,1
34,5,17,0.0,0.014358108108108109,1
13,10,14,0.0033444816053511705,0.011824324324324325,1
19,18,22,0.008695652173913044,0.018581081081081082,1
19,18,12,0.008695652173913044,0.010135135135135136,1
74,16,28,0.007357859531772575,0.02364864864864865,1
79,14,25,0.006020066889632107,0.021114864864864864,1
45,11,20,0.004013377926421404,0.016891891891891893,1
35,7,20,0.0013377926421404682,0.016891891891891893,1
80,18,20,0.008695652173913044,0.016891891891891893,1
73,9,21,0.0026755852842809363,0.017736486486486486,1
78,17,11,0.008026755852842809,0.009290540540540541,1
86,6,11,0.0006688963210702341,0.009290540540540541,1
15,17,20,0.008026755852842809,0.016891891891891893,1
18,8,19,0.002006688963210702,0.016047297297297296,1
17,17,27,0.008026755852842809,0.022804054054054054,1
57,5,28,0.0,0.02364864864864865,1
57,17,11,0.008026755852842809,0.009290540540540541,1
30,15,10,0.006688963210702341,0.008445945945945946,1
43,20,26,0.010033444816053512,0.02195945945945946,1
81,14,10,0.006020066889632107,0.008445945945945946,1
36,8,19,0.002006688963210702,0.016047297297297296,1
43,9,12,0.0026755852842809363,0.010135135135135136,1
87,5,15,0.0,0.01266891891891892,1
64,14,25,0.006020066889632107,0.021114864864864864,1
42,15,11,0.006688963210702341,0.009290540540540541,1
87,5,12,0.0,0.010135135135135136,1
43,12,30,0.0046822742474916385,0.02533783783783784,1
18,14,19,0.006020066889632107,0.016047297297297296,1
20,13,22,0.005351170568561873,0.018581081081081082,1
52,8,27,0.002006688963210702,0.022804054054054054,1
83,19,14,0.009364548494983277,0.011824324324324325,1
31,5,14,0.0,0.011824324324324325,1
66,10,11,0.0033444816053511705,0.009290540540540541,1
87,17,13,0.008026755852842809,0.01097972972972973,1
82,12,16,0.0046822742474916385,0.013513513513513514,1
43,19,16,0.009364548494983277,0.013513513513513514,1
26,19,29,0.009364548494983277,0.024493243243243243,1
88,19,25,0.009364548494983277,0.021114864864864864,1
57,8,10,0.002006688963210702,0.008445945945945946,1
15,8,29,0.002006688963210702,0.024493243243243243,1
35,7,13,0.0013377926421404682,0.01097972972972973,1
56,16,22,0.007357859531772575,0.018581081081081082,1
35,13,20,0.005351170568561873,0.016891891891891893,1
76,7,18,0.0013377926421404682,0.015202702702702704,1
90,19,27,0.009364548494983277,0.022804054054054054,1
70,9,30,0.0026755852842809363,0.02533783783783784,1
48,7,29,0.0013377926421404682,0.024493243243243243,1
79,6,13,0.0006688963210702341,0.01097972972972973,1
34,12,12,0.0046822742474916385,0.010135135135135136,1
86,5,12,0.0,0.010135135135135136,1
60,16,22,0.007357859531772575,0.018581081081081082,1
29,8,16,0.002006688963210702,0.013513513513513514,1
53,5,10,0.0,0.008445945945945946,1
17,18,21,0.008695652173913044,0.017736486486486486,1
38,8,19,0.002006688963210702,0.016047297297297296,1
22,8,27,0.002006688963210702,0.022804054054054054,1
67,9,20,0.0026755852842809363,0.016891891891891893,1
59,19,22,0.009364548494983277,0.018581081081081082,1
49,13,29,0.005351170568561873,0.024493243243243243,1
79,6,23,0.0006688963210702341,0.019425675675675675,1
39,19,20,0.009364548494983277,0.016891891891891893,1
47,8,21,0.002006688963210702,0.017736486486486486,1
30,12,25,0.0046822742474916385,0.021114864864864864,1
71,6,30,0.0006688963210702341,0.02533783783783784,1
69,15,10,0.006688963210702341,0.008445945945945946,1
76,17,23,0.008026755852842809,0.019425675675675675,1
87,13,10,0.005351170568561873,0.008445945945945946,1
77,11,21,0.004013377926421404,0.017736486486486486,1
33,16,17,0.007357859531772575,0.014358108108108109,1
20,18,29,0.008695652173913044,0.024493243243243243,1
32,9,12,0.0026755852842809363,0.010135135135135136,1
64,15,25,0.006688963210702341,0.021114864864864864,1
66,14,24,0.006020066889632107,0.02027027027027027,1
16,11,29,0.004013377926421404,0.024493243243243243,1
89,7,30,0.0013377926421404682,0.02533783783783784,1
48,13,18,0.005351170568561873,0.015202702702702704,1
38,5,25,0.0,0.021114864864864864,1
29,19,23,0.009364548494983277,0.019425675675675675,1
54,19,12,0.009364548494983277,0.010135135135135136,1
17,17,16,0.008026755852842809,0.013513513513513514,1
75,10,29,0.0033444816053511705,0.024493243243243243,1
66,15,15,0.006688963210702341,0.01266891891891892,1
48,12,15,0.0046822742474916385,0.01266891891891892,1
67,8,30,0.002006688963210702,0.02533783783783784,1
21,11,29,0.004013377926421404,0.024493243243243243,1
33,7,15,0.0013377926421404682,0.01266891891891892,1
20,16,20,0.007357859531772575,0.016891891891891893,1
61,6,20,0.0006688963210702341,0.016891891891891893,1
14,7,28,0.0013377926421404682,0.02364864864864865,1
49,19,30,0.009364548494983277,0.02533783783783784,1
46,18,11,0.008695652173913044,0.009290540540540541,1
90,20,13,0.010033444816053512,0.01097972972972973,1
34,15,20,0.006688963210702341,0.016891891891891893,1
58,8,12,0.002006688963210702,0.010135135135135136,1
38,14,14,0.006020066889632107,0.011824324324324325,1
50,11,27,0.004013377926421404,0.022804054054054054,1
25,18,24,0.008695652173913044,0.02027027027027027,1
63,16,29,0.007357859531772575,0.024493243243243243,1
29,6,23,0.0006688963210702341,0.019425675675675675,1
35,15,25,0.006688963210702341,0.021114864864864864,1
68,18,23,0.008695652173913044,0.019425675675675675,1
53,20,17,0.010033444816053512,0.014358108108108109,1
45,6,23,0.0006688963210702341,0.019425675675675675,1
18,10,12,0.0033444816053511705,0.010135135135135136,1
21,9,20,0.0026755852842809363,0.016891891891891893,1
60,5,30,0.0,0.02533783783783784,1
15,17,18,0.008026755852842809,0.015202702702702704,1
89,19,15,0.009364548494983277,0.01266891891891892,1
33,17,12,0.008026755852842809,0.010135135135135136,1
62,10,15,0.0033444816053511705,0.01266891891891892,1
42,12,14,0.0046822742474916385,0.011824324324324325,1
57,5,18,0.0,0.015202702702702704,1
75,8,16,0.002006688963210702,0.013513513513513514,1
14,13,14,0.005351170568561873,0.011824324324324325,1
68,9,23,0.0026755852842809363,0.019425675675675675,1
73,19,15,0.009364548494983277,0.01266891891891892,1
64,12,28,0.0046822742474916385,0.02364864864864865,1
77,13,27,0.005351170568561873,0.022804054054054054,1
72,16,14,0.007357859531772575,0.011824324324324325,1
42,18,21,0.008695652173913044,0.017736486486486486,1
54,6,20,0.0006688963210702341,0.016891891891891893,1
78,17,19,0.008026755852842809,0.016047297297297296,1
71,7,13,0.0013377926421404682,0.01097972972972973,1
26,9,22,0.0026755852842809363,0.018581081081081082,1
71,17,14,0.008026755852842809,0.011824324324324325,1
31,20,18,0.010033444816053512,0.015202702702702704,1
74,17,14,0.008026755852842809,0.011824324324324325,1
14,11,28,0.004013377926421404,0.02364864864864865,1
25,11,19,0.004013377926421404,0.016047297297297296,1
54,6,18,0.0006688963210702341,0.015202702702702704,1
64,17,10,0.008026755852842809,0.008445945945945946,1
81,16,15,0.007357859531772575,0.01266891891891892,1
28,11,26,0.004013377926421404,0.02195945945945946,1
54,17,24,0.008026755852842809,0.02027027027027027,1
37,5,25,0.0,0.021114864864864864,1
17,11,22,0.004013377926421404,0.018581081081081082,1
79,10,23,0.0033444816053511705,0.019425675675675675,1
90,9,29,0.0026755852842809363,0.024493243243243243,1
51,10,28,0.0033444816053511705,0.02364864864864865,1
46,20,19,0.010033444816053512,0.016047297297297296,1
23,19,24,0.009364548494983277,0.02027027027027027,1
55,20,12,0.010033444816053512,0.010135135135135136,1
69,16,15,0.007357859531772575,0.01266891891891892,1
71,15,23,0.006688963210702341,0.019425675675675675,1
42,10,25,0.0033444816053511705,0.021114864864864864,1
70,9,12,0.0026755852842809363,0.010135135135135136,1
62,10,13,0.0033444816053511705,0.01097972972972973,1
81,6,14,0.0006688963210702341,0.011824324324324325,1
26,9,29,0.0026755852842809363,0.024493243243243243,1
35,15,18,0.006688963210702341,0.015202702702702704,1
71,12,20,0.0046822742474916385,0.016891891891891893,1
18,10,22,0.0033444816053511705,0.018581081081081082,1
24,18,28,0.008695652173913044,0.02364864864864865,1
53,16,18,0.007357859531772575,0.015202702702702704,1
62,12,11,0.0046822742474916385,0.009290540540540541,1
73,14,17,0.006020066889632107,0.014358108108108109,1
81,9,22,0.0026755852842809363,0.018581081081081082,1
70,16,26,0.007357859531772575,0.02195945945945946,1
75,10,22,0.0033444816053511705,0.018581081081081082,1
23,6,14,0.0006688963210702341,0.011824324324324325,1
68,14,27,0.006020066889632107,0.022804054054054054,1
45,19,23,0.009364548494983277,0.019425675675675675,1
82,8,11,0.002006688963210702,0.009290540540540541,1
38,8,20,0.002006688963210702,0.016891891891891893,1
39,13,28,0.005351170568561873,0.02364864864864865,1
30,11,12,0.004013377926421404,0.010135135135135136,1
88,18,15,0.008695652173913044,0.01266891891891892,1
14,20,23,0.010033444816053512,0.019425675675675675,1
33,20,29,0.010033444816053512,0.024493243243243243,1
24,7,16,0.0013377926421404682,0.013513513513513514,1
67,7,14,0.0013377926421404682,0.011824324324324325,1
65,6,11,0.0006688963210702341,0.009290540540540541,1
30,8,24,0.002006688963210702,0.02027027027027027,1
52,19,12,0.009364548494983277,0.010135135135135136,1
46,11,19,0.004013377926421404,0.016047297297297296,1
29,17,20,0.008026755852842809,0.016891891891891893,1
21,19,30,0.009364548494983277,0.02533783783783784,1
44,19,13,0.009364548494983277,0.01097972972972973,1
15,9,27,0.0026755852842809363,0.022804054054054054,1
52,20,19,0.010033444816053512,0.016047297297297296,1
83,6,20,0.0006688963210702341,0.016891891891891893,1
50,8,11,0.002006688963210702,0.009290540540540541,1
48,19,19,0.009364548494983277,0.016047297297297296,1
42,10,23,0.0033444816053511705,0.019425675675675675,1
66,16,20,0.007357859531772575,0.016891891891891893,1
85,7,28,0.0013377926421404682,0.02364864864864865,1
27,7,14,0.0013377926421404682,0.011824324324324325,1
21,17,10,0.008026755852842809,0.008445945945945946,1
26,5,25,0.0,0.021114864864864864,1
30,15,12,0.006688963210702341,0.010135135135135136,1
24,19,10,0.009364548494983277,0.008445945945945946,1
73,8,29,0.002006688963210702,0.024493243243243243,1
44,20,20,0.010033444816053512,0.016891891891891893,1
37,11,14,0.004013377926421404,0.011824324324324325,1
22,11,11,0.004013377926421404,0.009290540540540541,1
